[17:44:06] [main/INFO]: Loading Minecraft 1.21.1 with Fabric Loader 0.18.3
[17:44:07] [ForkJoinPool-1-worker-1/WARN]: The mod "takesapillage" contains invalid entries in its mod json:
- Unsupported root entry "mc-publish" at line 51 column 17
[17:44:07] [ForkJoinPool-1-worker-3/WARN]: Mod civiliansmod uses the version v1.4.2+1.21.1 which isn't compatible with Loader's extended semantic version format (Could not parse version number component 'v1'!), SemVer is recommended for reliably evaluating dependencies and prioritizing newer version
[17:44:07] [ForkJoinPool-1-worker-1/WARN]: Mod treechop uses the version 0.19.3a which isn't compatible with Loader's extended semantic version format (Could not parse version number component '3a'!), SemVer is recommended for reliably evaluating dependencies and prioritizing newer version
[17:44:07] [ForkJoinPool-1-worker-1/WARN]: The mod "accessories_compat_layer" contains invalid entries in its mod json:
- Unsupported root entry "#COMMENT_breaks" at line 53 column 20
[17:44:07] [main/WARN]: Warnings were found!
 - Mod 'Debugify' (debugify) 1.21.1+1.0 recommends any version of modmenu, which is missing!
	 - You should install any version of modmenu for the optimal experience.
 - Mod 'Expanded Ecosphere' (expanded_ecosphere) 3.4.5 conflicts with any version of mod 'William Wythers' Overhauled Overworld' (wwoo), which is present with the following versions: 2.3.4!
	 - While this won't prevent you from starting the game, the developer(s) of mod 'Expanded Ecosphere' (expanded_ecosphere) have found that this combination may cause issues. You should remove one of the mods or check for updates that resolve the issue.
 - Mod 'Forge Config API Port' (forgeconfigapiport) 21.1.6 recommends any version of modmenu, which is missing!
	 - You should install any version of modmenu for the optimal experience.
 - Mod 'Hyrule Terrors' (hyrule_terrors) 1.2.2-1.21.1 recommends any version of modmenu, which is missing!
	 - You should install any version of modmenu for the optimal experience.
 - Mod 'Living Things' (livingthings) 1.21.1-2.3.0 recommends any version of patchouli, which is missing!
	 - You should install any version of patchouli for the optimal experience.
[17:44:07] [main/INFO]: Loading 257 mods:
	- accessories 1.1.0-beta.52+1.21.1
	- accessories_compat_layer 0.1.10
	   \-- mixinsquared 0.3.4
	- alcocraftplus 2.1.0
	- animal_feeding_trough 1.1.2+1.21.1
	- attributefix 21.1.3
	- azurelib 3.1.3
	- bakery 2.1.2
	- balm 21.0.56
	   \-- kuma_api 21.0.7
	- beachparty 2.1.2
	- bearminimum 1.0.5
	- beautify 1.3.0+1.21.1
	- betterdeserttemples 1.21.1-Fabric-4.1.5
	   \-- org_reflections_reflections 0.10.2
	- betterdungeons 1.21.1-Fabric-5.1.4
	   \-- org_reflections_reflections 0.10.2
	- betterendisland 1.21.1-Fabric-3.1.2
	   \-- org_reflections_reflections 0.10.2
	- betterfortresses 1.21.1-Fabric-3.1.5
	   \-- org_reflections_reflections 0.10.2
	- bettermineshafts 1.21.1-Fabric-5.1.1
	   \-- org_reflections_reflections 0.10.2
	- betteroceanmonuments 1.21.1-Fabric-4.1.2
	   \-- org_reflections_reflections 0.10.2
	- betterstrongholds 1.21.1-Fabric-5.1.3
	   \-- org_reflections_reflections 0.10.2
	- bettervillage 3.3.1
	- betterwitchhuts 1.21.1-Fabric-4.1.1
	   \-- org_reflections_reflections 0.10.2
	- biolith 3.0.10
	- bloomingnature 1.1.5-hotfix
	- bookshelf 21.1.80
	- brewery 2.1.5
	- c2me 0.3.0+alpha.0.362+1.21.1
	   |-- c2me-base 0.3.0+alpha.0.362+1.21.1
	   |-- c2me-client-uncapvd 0.3.0+alpha.0.362+1.21.1
	   |-- c2me-fixes-chunkio-threading-issues 0.3.0+alpha.0.362+1.21.1
	   |-- c2me-fixes-general-threading-issues 0.3.0+alpha.0.362+1.21.1
	   |-- c2me-fixes-worldgen-threading-issues 0.3.0+alpha.0.362+1.21.1
	   |-- c2me-fixes-worldgen-vanilla-bugs 0.3.0+alpha.0.362+1.21.1
	   |-- c2me-notickvd 0.3.0+alpha.0.362+1.21.1
	   |-- c2me-opts-allocs 0.3.0+alpha.0.362+1.21.1
	   |-- c2me-opts-chunkio 0.3.0+alpha.0.362+1.21.1
	   |-- c2me-opts-dfc 0.3.0+alpha.0.362+1.21.1
	   |-- c2me-opts-math 0.3.0+alpha.0.362+1.21.1
	   |-- c2me-opts-scheduling 0.3.0+alpha.0.362+1.21.1
	   |-- c2me-opts-worldgen-general 0.3.0+alpha.0.362+1.21.1
	   |-- c2me-opts-worldgen-vanilla 0.3.0+alpha.0.362+1.21.1
	   |-- c2me-rewrites-chunk-serializer 0.3.0+alpha.0.362+1.21.1
	   |-- c2me-rewrites-chunk-system 0.3.0+alpha.0.362+1.21.1
	   |-- c2me-rewrites-chunkio 0.3.0+alpha.0.362+1.21.1
	   |-- c2me-server-utils 0.3.0+alpha.0.362+1.21.1
	   |-- c2me-threading-lighting 0.3.0+alpha.0.362+1.21.1
	   |-- com_ibm_async_asyncutil 0.1.0
	   |-- io_reactivex_rxjava3_rxjava 3.1.12
	   |-- net_objecthunter_exp4j 0.4.8
	   |-- org_jctools_jctools-core 4.0.5
	   \-- org_reactivestreams_reactive-streams 1.0.4
	- caligo 0.2.2+1.21-1.21.1
	   \-- mm 2.3
	- camping 2.1.2
	- candlelight 2.1.5
	- chimes 2.0.3
	- civiliansmod v1.4.2+1.21.1
	- cloth-config 15.0.140
	   \-- cloth-basic-math 0.6.1
	- clutterbestiary 1.1.2-Fabric-1.21.1
	- copperagebackport 0.1.4
	- coroutil 1.21.1-1.3.8
	- crafable_items 0.7.1
	- creeperoverhaul 4.0.6
	   \-- com_teamresourceful_resourceful-cosmetics-4j 1.0.3
	- cristellib 3.0.2
	   \-- blue_endless_jankson 1.2.3
	- crittersandcompanions 1.21.1-2.3.4
	   |-- porting_lib_attributes 3.1.0-beta.75+1.21.1
	   |    |-- porting_lib_core 3.1.0-beta.75+1.21.1
	   |    \-- porting_lib_gametest 3.1.0-beta.75+1.21.1
	   \-- porting_lib_entity 3.1.0-beta.75+1.21.1
	        |-- porting_lib_core 3.1.0-beta.75+1.21.1
	        |-- porting_lib_gametest 3.1.0-beta.75+1.21.1
	        \-- porting_lib_mixin_extensions 3.1.0-beta.75+1.21.1
	- dawnoftimebuilder 1.6.4
	- debugify 1.21.1+1.0
	- deermod 0.6.1+1.21.1
	- disenchanting_table 5.0.2
	- expanded_ecosphere 3.4.5
	- fabric-api 0.116.7+1.21.1
	   |-- fabric-api-base 0.4.42+6573ed8c19
	   |-- fabric-api-lookup-api-v1 1.6.71+b559734419
	   |-- fabric-biome-api-v1 13.0.31+d527f9fd19
	   |-- fabric-block-api-v1 1.1.0+0bc3503219
	   |-- fabric-block-view-api-v2 1.0.11+ebb2264e19
	   |-- fabric-blockrenderlayer-v1 1.1.52+0af3f5a719
	   |-- fabric-client-tags-api-v1 1.1.15+6573ed8c19
	   |-- fabric-command-api-v1 1.2.49+f71b366f19
	   |-- fabric-command-api-v2 2.2.28+6ced4dd919
	   |-- fabric-commands-v0 0.2.66+df3654b319
	   |-- fabric-content-registries-v0 8.0.19+b559734419
	   |-- fabric-convention-tags-v1 2.1.5+7f945d5b19
	   |-- fabric-convention-tags-v2 2.11.1+a406e79519
	   |-- fabric-crash-report-info-v1 0.2.29+0af3f5a719
	   |-- fabric-data-attachment-api-v1 1.4.5+6116a37819
	   |-- fabric-data-generation-api-v1 20.2.34+37516cd619
	   |-- fabric-dimensions-v1 4.0.1+65213ef819
	   |-- fabric-entity-events-v1 1.8.0+2b27e0a419
	   |-- fabric-events-interaction-v0 0.7.13+ba9dae0619
	   |-- fabric-game-rule-api-v1 1.0.53+6ced4dd919
	   |-- fabric-item-api-v1 11.2.0+3b3cb2e819
	   |-- fabric-item-group-api-v1 4.1.7+def88e3a19
	   |-- fabric-key-binding-api-v1 1.0.47+0af3f5a719
	   |-- fabric-keybindings-v0 0.2.45+df3654b319
	   |-- fabric-lifecycle-events-v1 2.6.0+0865547519
	   |-- fabric-loot-api-v2 3.0.15+3f89f5a519
	   |-- fabric-loot-api-v3 1.0.3+3f89f5a519
	   |-- fabric-message-api-v1 6.0.14+8aaf3aca19
	   |-- fabric-model-loading-api-v1 2.1.0+b4d813fc19
	   |-- fabric-networking-api-v1 4.3.0+c7469b2119
	   |-- fabric-object-builder-api-v1 15.2.1+40875a9319
	   |-- fabric-particles-v1 4.0.2+6573ed8c19
	   |-- fabric-recipe-api-v1 5.0.15+2475392c19
	   |-- fabric-registry-sync-v0 5.3.1+e3eddc2119
	   |-- fabric-renderer-api-v1 3.4.1+b4d813fc19
	   |-- fabric-renderer-indigo 1.7.1+c705a49c19
	   |-- fabric-renderer-registries-v1 3.2.69+df3654b319
	   |-- fabric-rendering-data-attachment-v1 0.3.49+73761d2e19
	   |-- fabric-rendering-fluids-v1 3.1.6+1daea21519
	   |-- fabric-rendering-v0 1.1.72+df3654b319
	   |-- fabric-rendering-v1 5.1.0+ab4c25a019
	   |-- fabric-resource-conditions-api-v1 4.3.0+8dc279b119
	   |-- fabric-resource-loader-v0 1.3.1+5b5275af19
	   |-- fabric-screen-api-v1 2.0.25+8b68f1c719
	   |-- fabric-screen-handler-api-v1 1.3.90+b559734419
	   |-- fabric-sound-api-v1 1.0.23+6573ed8c19
	   |-- fabric-transfer-api-v1 5.4.3+c24bd99419
	   \-- fabric-transitive-access-wideners-v1 6.2.0+45b9699719
	- fabric-language-kotlin 1.13.8+kotlin.2.3.0
	   |-- org_jetbrains_kotlin_kotlin-reflect 2.3.0
	   |-- org_jetbrains_kotlin_kotlin-stdlib 2.3.0
	   |-- org_jetbrains_kotlin_kotlin-stdlib-jdk7 2.3.0
	   |-- org_jetbrains_kotlin_kotlin-stdlib-jdk8 2.3.0
	   |-- org_jetbrains_kotlinx_atomicfu-jvm 0.29.0
	   |-- org_jetbrains_kotlinx_kotlinx-coroutines-core-jvm 1.10.2
	   |-- org_jetbrains_kotlinx_kotlinx-coroutines-jdk8 1.10.2
	   |-- org_jetbrains_kotlinx_kotlinx-datetime-jvm 0.7.1
	   |-- org_jetbrains_kotlinx_kotlinx-io-bytestring-jvm 0.8.2
	   |-- org_jetbrains_kotlinx_kotlinx-io-core-jvm 0.8.2
	   |-- org_jetbrains_kotlinx_kotlinx-serialization-cbor-jvm 1.9.0
	   |-- org_jetbrains_kotlinx_kotlinx-serialization-core-jvm 1.9.0
	   \-- org_jetbrains_kotlinx_kotlinx-serialization-json-jvm 1.9.0
	- fabricloader 0.18.3
	   \-- mixinextras 0.5.0
	- farm_and_charm 1.1.14
	- farmersdelight 1.21.1-3.2.2+refabricated
	- ferritecore 7.0.2-hotfix
	- fishofthieves 21.1.1.2
	- flora 1.0.3
	- forgeconfigapiport 21.1.6
	   |-- com_electronwill_night-config_core 3.8.0
	   \-- com_electronwill_night-config_toml 3.8.0
	- fowlplay 1.1.2+1.21.1-fabric
	- framework 0.13.10
	   |-- org_javassist_javassist 3.29.2-GA
	   \-- org_reflections_reflections 0.10.2
	- friendsforlife 1.2.0
	- furniture 1.1.1
	- fzzy_config 0.7.4-fix1+1.21
	   |-- blue_endless_jankson 1.2.3
	   |-- fabric-permissions-api-v0 0.3.1
	   \-- net_peanuuutz_tomlkt_tomlkt-jvm 0.3.7
	- geckolib 4.8.3
	- glitchcore 2.1.0.0
	   \-- net_jodah_typetools 0.6.3
	- golemoverhaul 1.1.0
	- gravestones 1.2.7
	- herbalbrews 1.1.2
	- horseshoes 1.3.3
	- hyrule_terrors 1.2.2-1.21.1
	- immersivewind 0.9
	- jamlib 1.3.5+1.21.1
	   \-- blue_endless_jankson 1.2.3
	- java 21
	- jupiter 2.3.3-bugfix
	- kiwi 15.1.5+fabric
	- knightlib 1.3.0
	- knightquest 1.9.0
	- libraryferret 4.0.0
	- lilis_lucky_lures 1.1.2-fabric
	- lithium 0.15.1+mc1.21.1
	- livingthings 1.21.1-2.3.0
	- meadow 1.4.4
	- minecraft 1.21.1
	- modernfix 5.25.1+mc1.21.1
	- modopedia 1.1.5
	- monolib 2.1.0
	- moonlight 1.21-2.29.11
	- moredelight 25.7.28-1.21-fabric
	- mr_grim_kingdomsloststructuresruins 1-v1.0.0
	- mr_mc_calamity 0.2.1
	- mru 1.0.19+LTS+1.21.1+fabric
	   \-- org_commonmark_commonmark 0.21.0
	- musketmod 1.5.4
	- mutantszombies 1.3.2-Fabric-mc1.21
	- mynethersdelight 1.21.1-2.0.3+1.7.8.refabricated
	- niftycarts 21.1.1
	- owo 0.12.15.4+1.21
	   |-- io_wispforest_endec 0.1.5.1
	   |-- io_wispforest_endec_gson 0.1.3.1
	   |-- io_wispforest_endec_jankson 0.1.3.1
	   \-- io_wispforest_endec_netty 0.1.2
	- plushie_buddies 0.1.7-1.21.1
	   \-- midnightlib 1.6.9
	- pneumonocore 1.2.1
	- prickle 21.1.11
	- puzzleslib 21.1.39
	- ranged_weapon_api 2.3.3+1.21.1
	- refurbished_furniture 1.0.22
	- resourcefulconfig 3.0.11
	- resourcefullib 3.0.12
	   |-- com_teamresourceful_bytecodecs 1.1.2
	   \-- com_teamresourceful_yabn 1.0.3
	- rightclickharvest 4.6.0+1.21.1
	- rusticdelight 1.5.1
	- seasonal_lets_do 1.4.0+1.21
	- sereneseasons 10.1.0.1
	   \-- net_jodah_typetools 0.6.3
	- sittingplus 2.0.6
	- skyvillages 1.0.6
	- smartbrainlib 1.16.11
	- smarterfarmers 1.21-2.2.4
	- snowrealmagic 12.2.0+fabric
	- sophisticatedbackpacks 1.21.1-3.23.4.3.106
	- sophisticatedcore 1.21.1-1.2.9.21.168
	   |-- porting_lib_conditions 3.1.0-beta.47+1.21.1
	   |-- porting_lib_fluids 3.1.0-beta.47+1.21.1
	   |-- porting_lib_item_abilities 3.1.0-beta.47+1.21.1
	   |-- porting_lib_lazy_registration 3.1.0-beta.47+1.21.1
	   |-- porting_lib_level_events 3.1.0-beta.47+1.21.1
	   |-- porting_lib_loot 3.1.0-beta.47+1.21.1
	   |-- porting_lib_model_loader 3.1.0-beta.47+1.21.1
	   |-- porting_lib_render_types 3.1.0-beta.47+1.21.1
	   |-- porting_lib_transfer 3.1.0-beta.47+1.21.1
	   \-- team_reborn_energy 4.1.0
	- stateobserver 1.6.4
	- storagedelight 25.12.9-1.21-fabric
	- structory 1.3.14
	- takesapillage 1.0.10
	- tenseambience 1.7.0
	   \-- com_github_umjammer_jlayer 1.0.2
	- tide 2.0.1
	- toadlib 1.4.1
	- toughasnails 10.1.0.13
	   \-- net_jodah_typetools 0.6.3
	- treechop 0.19.3a
	- trinkets 3.10.0
	   |-- cardinal-components-base 6.1.0
	   \-- cardinal-components-entity 6.1.0
	- undeadnights 2.1.0-Fabric-mc1.21
	- uranus 2.4
	   \-- architectury 13.0.8
	- variantvanillablocks 2.1
	- vc_gliders 1.1.8
	   |-- commonnetworking 1.0.16-1.21
	   \-- playeranimator 2.0.1+1.21.1
	- vinery 1.5.2
	- watut 1.21.0-1.2.7
	- waystones 21.1.25
	- web 1.0.4
	- wildernature 1.1.4
	- wwoo 2.3.4
	- yet_another_config_lib_v3 3.8.2+1.21.1-fabric
	   |-- com_twelvemonkeys_common_common-image 3.12.0
	   |-- com_twelvemonkeys_common_common-io 3.12.0
	   |-- com_twelvemonkeys_common_common-lang 3.12.0
	   |-- com_twelvemonkeys_imageio_imageio-core 3.12.0
	   |-- com_twelvemonkeys_imageio_imageio-metadata 3.12.0
	   |-- com_twelvemonkeys_imageio_imageio-webp 3.12.0
	   |-- org_quiltmc_parsers_gson 0.2.1
	   \-- org_quiltmc_parsers_json 0.2.1
	- yungsapi 1.21.1-Fabric-5.1.6
	   |-- org_javassist_javassist 3.29.2-GA
	   \-- org_reflections_reflections 0.10.2
	- yungsbridges 1.21.1-Fabric-5.1.1
	   \-- org_reflections_reflections 0.10.2
	- yungsextras 1.21.1-Fabric-5.1.1
	   \-- org_reflections_reflections 0.10.2
	- zombieawareness 1.21.0-1.13.2
[17:44:08] [main/INFO]: SpongePowered MIXIN Subsystem Version=0.8.7 Source=file:/workspaces/paraside/servidor_minecraft/libraries/net/fabricmc/sponge-mixin/0.16.5+mixin.0.8.7/sponge-mixin-0.16.5+mixin.0.8.7.jar Service=Knot/Fabric Env=SERVER
[17:44:08] [main/INFO]: Compatibility level set to JAVA_17
[17:44:08] [main/INFO]: Compatibility level set to JAVA_21
[17:44:08] [main/INFO]: Initializing com.ishland.c2me.base.mixin
[17:44:08] [main/INFO]: Global Executor Parallelism: 3 configured, 3 evaluated, 3 default evaluated
[17:44:08] [main/INFO]: Initializing com.ishland.c2me.fixes.chunkio.threading_issues.mixin
[17:44:08] [main/INFO]: Initializing com.ishland.c2me.fixes.general.threading_issues.mixin
[17:44:08] [main/INFO]: Initializing com.ishland.c2me.fixes.worldgen.threading_issues.mixin
[17:44:08] [main/INFO]: Initializing com.ishland.c2me.fixes.worldgen.vanilla_bugs.mixin
[17:44:08] [main/INFO]: Initializing com.ishland.c2me.notickvd.mixin
[17:44:08] [main/INFO]: Initializing com.ishland.c2me.opts.allocs.mixin
[17:44:08] [main/INFO]: Initializing com.ishland.c2me.opts.chunkio.mixin
[17:44:08] [main/INFO]: Initializing com.ishland.c2me.opts.dfc.mixin
[17:44:08] [main/INFO]: Disabling com.ishland.c2me.opts.dfc.mixin
[17:44:08] [main/INFO]: Initializing com.ishland.c2me.opts.math.mixin
[17:44:08] [main/INFO]: Initializing com.ishland.c2me.opts.scheduling.mixin
[17:44:08] [main/INFO]: Initializing com.ishland.c2me.opts.worldgen.general.mixin
[17:44:08] [main/INFO]: Initializing com.ishland.c2me.opts.worldgen.vanilla.mixin
[17:44:08] [main/INFO]: Initializing com.ishland.c2me.rewrites.chunk_serializer.mixin
[17:44:08] [main/INFO]: Disabling config ioSystem.gcFreeChunkSerializer: Incompatible with architectury@13.0.8 (*) (defined in c2me)
[17:44:08] [main/INFO]: Disabling com.ishland.c2me.rewrites.chunk_serializer.mixin
[17:44:08] [main/INFO]: Initializing com.ishland.c2me.rewrites.chunksystem.mixin
[17:44:08] [main/INFO]: Initializing com.ishland.c2me.rewrites.chunkio.mixin
[17:44:08] [main/INFO]: Initializing com.ishland.c2me.server.utils.mixin
[17:44:08] [main/INFO]: Initializing com.ishland.c2me.threading.lighting.mixin
[17:44:08] [main/WARN]: Reference map 'coroutil.refmap.json' for coroutil_fabric.mixins.json could not be read. If this is a development environment you can ignore this message
[17:44:08] [main/WARN]: Reference map 'forgeconfigapiport.common.refmap.json' for forgeconfigapiport.common.mixins.json could not be read. If this is a development environment you can ignore this message
[17:44:08] [main/WARN]: Reference map 'Hyrule_Terrors-common-common-refmap.json' for hyrule_terrors.mixins.json could not be read. If this is a development environment you can ignore this message
[17:44:08] [main/WARN]: Mod 'ferritecore' attempted to override option 'mixin.alloc.blockstate', which doesn't exist, ignoring
[17:44:08] [main/INFO]: Option 'mixin.entity.collisions.fluid' requires 'mixin.util.block_tracking=true' but found 'false'. Setting 'mixin.entity.collisions.fluid=false'.
[17:44:08] [main/INFO]: Option 'mixin.experimental.entity.block_caching.block_support' requires 'mixin.util.block_tracking=true' but found 'false'. Setting 'mixin.experimental.entity.block_caching.block_support=false'.
[17:44:08] [main/INFO]: Option 'mixin.experimental.entity.block_caching.fluid_pushing' requires 'mixin.util.block_tracking=true' but found 'false'. Setting 'mixin.experimental.entity.block_caching.fluid_pushing=false'.
[17:44:08] [main/INFO]: Option 'mixin.experimental.entity.block_caching.block_touching' requires 'mixin.util.block_tracking=true' but found 'false'. Setting 'mixin.experimental.entity.block_caching.block_touching=false'.
[17:44:08] [main/INFO]: Option 'mixin.experimental.entity.block_caching.suffocation' requires 'mixin.util.block_tracking=true' but found 'false'. Setting 'mixin.experimental.entity.block_caching.suffocation=false'.
[17:44:08] [main/INFO]: Option 'mixin.experimental.entity.block_caching' requires 'mixin.util.block_tracking=true' but found 'false'. Setting 'mixin.experimental.entity.block_caching=false'.
[17:44:08] [main/INFO]: Loaded configuration file for Lithium: 149 options available, 1 override(s) found
[17:44:08] [main/INFO]: Loaded configuration file for ModernFix 5.25.1+mc1.21.1: 65 options available, 3 override(s) found
[17:44:08] [main/WARN]: Option 'mixin.bugfix.paper_chunk_patches' overriden (by mods [c2me]) to 'false'
[17:44:08] [main/WARN]: Option 'mixin.perf.cache_strongholds' overriden (by mods [c2me]) to 'false'
[17:44:08] [main/WARN]: Option 'mixin.bugfix.chunk_deadlock' overriden (by mods [c2me]) to 'false'
[17:44:08] [main/INFO]: Applying Nashorn fix
[17:44:08] [main/WARN]: Reference map 'prickle.refmap.json' for prickle.mixins.json could not be read. If this is a development environment you can ignore this message
[17:44:08] [main/WARN]: Reference map 'prickle.refmap.json' for prickle.fabric.mixins.json could not be read. If this is a development environment you can ignore this message
[17:44:08] [main/WARN]: Reference map 'seasonal_lets_do-common-common-refmap.json' for seasonal_lets_do.mixins.json could not be read. If this is a development environment you can ignore this message
[17:44:08] [main/WARN]: Reference map 'skyvillages-common-common-refmap.json' for skyvillages.mixins.json could not be read. If this is a development environment you can ignore this message
[17:44:08] [main/WARN]: Reference map 'yet_another_config_lib_v3.refmap.json' for yacl.mixins.json could not be read. If this is a development environment you can ignore this message
[17:44:08] [main/WARN]: Reference map 'yet_another_config_lib_v3.refmap.json' for yacl-fabric.mixins.json could not be read. If this is a development environment you can ignore this message
[17:44:09] [main/WARN]: Error loading class: net/minecraft/class_906 (java.lang.ClassNotFoundException: net/minecraft/class_906)
[17:44:09] [main/WARN]: @Mixin target net.minecraft.class_906 was not found porting_lib_item_abilities.mixins.json:FishingHookRendererMixin from mod porting_lib_item_abilities
[17:44:09] [main/INFO]: Disabling config vanillaWorldGenOptimizations.useEndBiomeCache: Incompatible with biolith@3.0.10 (*) (defined in c2me)
[17:44:09] [main/WARN]: Error loading class: ca/spottedleaf/starlight/common/thread/SchedulingUtil (java.lang.ClassNotFoundException: ca/spottedleaf/starlight/common/thread/SchedulingUtil)
[17:44:09] [main/WARN]: Error loading class: net/minecraft/class_759 (java.lang.ClassNotFoundException: net/minecraft/class_759)
[17:44:09] [main/WARN]: @Mixin target net.minecraft.class_759 was not found camping.fabric.mixins.json:FabricItemInHandRendererMixin from mod camping
[17:44:09] [main/WARN]: Error loading class: com/electronwill/nightconfig/core/io/IoUtils (java.lang.ClassNotFoundException: com/electronwill/nightconfig/core/io/IoUtils)
[17:44:09] [main/INFO]: Force-disabling mixin 'ai.task.memory_change_counting.BehaviorMixin' as rule 'mixin.ai.task.memory_change_counting' (added by mods [smartbrainlib]) disables it and children
[17:44:09] [main/INFO]: Force-disabling mixin 'ai.task.memory_change_counting.BrainMixin' as rule 'mixin.ai.task.memory_change_counting' (added by mods [smartbrainlib]) disables it and children
[17:44:10] [main/WARN]: Error loading class: net/minecraft/class_525 (java.lang.ClassNotFoundException: net/minecraft/class_525)
[17:44:10] [main/WARN]: @Mixin target net.minecraft.class_525 was not found moonlight.mixins.json:CreateWorldScreenMixin from mod moonlight
[17:44:10] [main/WARN]: Error loading class: net/minecraft/class_287 (java.lang.ClassNotFoundException: net/minecraft/class_287)
[17:44:10] [main/WARN]: @Mixin target net.minecraft.class_287 was not found owo.mixins.json:BufferBuilderAccessor from mod owo
[17:44:10] [main/WARN]: Error loading class: net/minecraft/class_437 (java.lang.ClassNotFoundException: net/minecraft/class_437)
[17:44:10] [main/WARN]: @Mixin target net.minecraft.class_437 was not found owo.mixins.json:ScreenAccessor from mod owo
[17:44:10] [main/WARN]: Error loading class: xyz/nucleoid/server/translations/impl/language/SystemDelegatedLanguage (java.lang.ClassNotFoundException: xyz/nucleoid/server/translations/impl/language/SystemDelegatedLanguage)
[17:44:10] [main/WARN]: Error loading class: net/minecraft/class_638 (java.lang.ClassNotFoundException: net/minecraft/class_638)
[17:44:10] [main/WARN]: @Mixin target net.minecraft.class_638 was not found porting_lib_level_events.mixins.json:client.ClientLevelMixin from mod porting_lib_level_events
[17:44:10] [main/WARN]: Error loading class: fuzs/diagonalblocks/world/phys/shapes/VoxelCollection (java.lang.ClassNotFoundException: fuzs/diagonalblocks/world/phys/shapes/VoxelCollection)
[17:44:10] [main/WARN]: @Mixin target fuzs.diagonalblocks.world.phys.shapes.VoxelCollection was not found snowrealmagic.mixins.json:diagonalblocks.VoxelCollectionAccess from mod snowrealmagic
[17:44:10] [main/WARN]: Error loading class: com/illusivesoulworks/comforts/common/block/BaseComfortsBlock (java.lang.ClassNotFoundException: com/illusivesoulworks/comforts/common/block/BaseComfortsBlock)
[17:44:10] [main/WARN]: @Mixin target com.illusivesoulworks.comforts.common.block.BaseComfortsBlock was not found undeadnights.mixins.json:BaseComfortBlocksMixin from mod undeadnights
[17:44:10] [main/WARN]: Error loading class: net/minecraft/class_1132 (java.lang.ClassNotFoundException: net/minecraft/class_1132)
[17:44:10] [main/WARN]: @Mixin target net.minecraft.class_1132 was not found zombieawareness.mixins_fabric.json:MixinIntegratedServer from mod zombieawareness
[17:44:10] [main/WARN]: Error loading class: net/fabricmc/fabric/api/client/rendering/v1/EntityModelLayerRegistry$TexturedModelDataProvider (java.lang.ClassNotFoundException: net/fabricmc/fabric/api/client/rendering/v1/EntityModelLayerRegistry$TexturedModelDataProvider)
[17:44:10] [main/INFO]: Initializing MixinExtras via com.llamalad7.mixinextras.service.MixinExtrasServiceImpl(version=0.5.0).
[17:44:11] [main/WARN]: @Inject(@At("INVOKE")) Shift.BY=1 on crittersandcompanions.mixins.json:LivingEntityMixin from mod crittersandcompanions::handler$bcj000$crittersandcompanions$onDie exceeds the maximum allowed value: 0. Increase the value of maxShiftBy to suppress this warning.
[17:44:13] [main/WARN]: Static binding violation: PRIVATE @Overwrite method method_21740 in modernfix-common.mixins.json:perf.remove_biome_temperature_cache.BiomeMixin from mod modernfix cannot reduce visibiliy of PUBLIC target method, visibility will be upgraded.
[17:44:13] [main/WARN]: Method overwrite conflict for method_21740 in modernfix-common.mixins.json:perf.remove_biome_temperature_cache.BiomeMixin from mod modernfix, previously written by net.caffeinemc.mods.lithium.mixin.world.temperature_cache.BiomeMixin. Skipping method.
[17:44:16] [main/INFO]: Added new enum to class net.minecraft.class_1690$class_1692: FISHOFTHIEVES_COCONUT|fishofthieves_coconut
[17:44:17] [main/INFO]: Vanilla bootstrap took 6551 milliseconds
[17:44:17] [main/INFO]: Setting up compat modules for Accessories!
[17:44:18] [main/INFO]: Registered Trinkets Reloaded Listeners
[17:44:18] [main/INFO]: Initializing recipes for AlcoCraftPlus
[17:44:18] [main/INFO]: [Animal Feeding Trough] Load Complete! Enjoy :D
[17:44:18] [main/INFO]: Registered azurelib config for auto-sync function
[17:44:18] [main/INFO]: Registering C2S receiver with id bakery:set_sign_text
[17:44:18] [main/ERROR]: No data fixer registered for beachparty:chair
[17:44:18] [main/ERROR]: No data fixer registered for beachparty:coconut
[17:44:18] [main/ERROR]: No data fixer registered for beachparty:beach_ball
[17:44:18] [main/ERROR]: No data fixer registered for black_bear
[17:44:18] [main/ERROR]: No data fixer registered for brown_bear
[17:44:18] [main/INFO]: Hello to bearminimum
[17:44:18] [main/INFO]: Reflections took 38 ms to scan 1 urls, producing 1 keys and 2 values
[17:44:18] [main/INFO]: Reflections took 3 ms to scan 1 urls, producing 1 keys and 2 values
[17:44:18] [main/INFO]: Reflections took 3 ms to scan 1 urls, producing 1 keys and 3 values
[17:44:18] [main/INFO]: Reflections took 2 ms to scan 1 urls, producing 1 keys and 3 values
[17:44:18] [main/INFO]: Reflections took 1 ms to scan 1 urls, producing 1 keys and 2 values
[17:44:18] [main/INFO]: Reflections took 1 ms to scan 1 urls, producing 1 keys and 2 values
[17:44:18] [main/INFO]: Reflections took 1 ms to scan 1 urls, producing 1 keys and 1 values
[17:44:18] [main/INFO]: Reflections took 1 ms to scan 1 urls, producing 1 keys and 1 values
[17:44:18] [main/INFO]: Reflections took 1 ms to scan 1 urls, producing 1 keys and 2 values
[17:44:18] [main/INFO]: Reflections took 1 ms to scan 1 urls, producing 1 keys and 2 values
[17:44:18] [main/INFO]: Reflections took 1 ms to scan 1 urls, producing 1 keys and 1 values
[17:44:18] [main/INFO]: Reflections took 1 ms to scan 1 urls, producing 1 keys and 1 values
[17:44:18] [main/INFO]: Reflections took 2 ms to scan 1 urls, producing 1 keys and 3 values
[17:44:18] [main/INFO]: Reflections took 1 ms to scan 1 urls, producing 1 keys and 3 values
[17:44:18] [main/INFO]: Reflections took 1 ms to scan 1 urls, producing 1 keys and 1 values
[17:44:18] [main/INFO]: Reflections took 0 ms to scan 1 urls, producing 1 keys and 1 values
[17:44:19] [main/INFO]: Biolith for Fabric is initializing...
[17:44:19] [main/ERROR]: No data fixer registered for bloomingnature:wandering_gardener
[17:44:20] [main/ERROR]: No data fixer registered for brewery:dark_brew
[17:44:20] [main/ERROR]: No data fixer registered for brewery:beer_elemental
[17:44:20] [main/ERROR]: No data fixer registered for brewery:beer_elemental_attack
[17:44:20] [main/INFO]: Registering C2S receiver with id brewery:set_sign_text
[17:44:20] [main/INFO]: [Caligo] Enum injections complete!
[17:44:20] [main/INFO]: Registering C2S receiver with id candlelight:typewriter_sync
[17:44:20] [main/INFO]: Registering C2S receiver with id candlelight:sign_note
[17:44:20] [main/INFO]: Initializing CiviliansMod
[17:44:20] [main/INFO]: [CiviliansMod] Registered Mod Items and Item Group!
[17:44:20] [main/ERROR]: No data fixer registered for butterfly
[17:44:20] [main/ERROR]: No data fixer registered for chameleon
[17:44:20] [main/ERROR]: No data fixer registered for echofin
[17:44:20] [main/ERROR]: No data fixer registered for mossbloom
[17:44:20] [main/ERROR]: No data fixer registered for kiwi_bird
[17:44:20] [main/ERROR]: No data fixer registered for emperor_penguin
[17:44:20] [main/ERROR]: No data fixer registered for beaver
[17:44:20] [main/ERROR]: No data fixer registered for capybara
[17:44:20] [main/ERROR]: No data fixer registered for crimson_newt
[17:44:20] [main/ERROR]: No data fixer registered for warped_newt
[17:44:20] [main/ERROR]: No data fixer registered for ember_tortoise
[17:44:20] [main/ERROR]: No data fixer registered for jellyfish
[17:44:20] [main/ERROR]: No data fixer registered for manta_ray
[17:44:20] [main/ERROR]: No data fixer registered for seahorse
[17:44:20] [main/ERROR]: No data fixer registered for potion_wasp
[17:44:20] [main/ERROR]: No data fixer registered for potion_sac
[17:44:20] [main/ERROR]: No data fixer registered for dragonfly
[17:44:20] [main/ERROR]: No data fixer registered for booplet
[17:44:20] [main/ERROR]: No data fixer registered for koi
[17:44:20] [main/ERROR]: No data fixer registered for koi_eggs
[17:44:20] [main/ERROR]: No data fixer registered for river_turtle
[17:44:20] [main/ERROR]: No data fixer registered for coati
[17:44:20] [main/ERROR]: No data fixer registered for red_panda
[17:44:20] [main/INFO]: Loaded config: golemBuildSpawning=true, golemPressesButtons=true, buttonPressChance=5%, golemTransportStackSize=16, weatheringTickFrom=504000, weatheringTickTo=552000
[17:44:20] [main/INFO]: Initializing Copper-Age-Backport on Fabric
[17:44:20] [main/INFO]: Registering sounds for Copper-Age-Backport
[17:44:20] [main/INFO]: Registering Copper Armor Material for Copper-Age-Backport
[17:44:20] [main/INFO]: Registering memory module types for Copper-Age-Backport
[17:44:20] [main/INFO]: Registering particles for Copper-Age-Backport
[17:44:20] [main/INFO]: Registering blocks for Copper-Age-Backport
[17:44:20] [main/INFO]: Registering block entities for Copper-Age-Backport
[17:44:20] [main/INFO]: Registering entities for Copper-Age-Backport
[17:44:20] [main/ERROR]: No data fixer registered for copper_golem
[17:44:20] [main/INFO]: Registering items for Copper-Age-Backport
[17:44:20] [main/INFO]: ModCompat: Initializing 0 compatibility modules...
[17:44:20] [main/INFO]: ModCompat: Initialization complete. 0 chest handlers, 0 container handlers registered.
[17:44:20] [main/INFO]: Copper-Age-Backport initialized successfully!
[17:44:20] [main/INFO]: Fired 1 registration callbacks
[17:44:20] [main/INFO]: fabric loader environment detected
[17:44:20] [main/ERROR]: No data fixer registered for jungle_creeper
[17:44:20] [main/ERROR]: No data fixer registered for bamboo_creeper
[17:44:20] [main/ERROR]: No data fixer registered for desert_creeper
[17:44:20] [main/ERROR]: No data fixer registered for badlands_creeper
[17:44:20] [main/ERROR]: No data fixer registered for hills_creeper
[17:44:20] [main/ERROR]: No data fixer registered for savannah_creeper
[17:44:20] [main/ERROR]: No data fixer registered for mushroom_creeper
[17:44:20] [main/ERROR]: No data fixer registered for swamp_creeper
[17:44:20] [main/ERROR]: No data fixer registered for dripstone_creeper
[17:44:20] [main/ERROR]: No data fixer registered for cave_creeper
[17:44:20] [main/ERROR]: No data fixer registered for dark_oak_creeper
[17:44:20] [main/ERROR]: No data fixer registered for spruce_creeper
[17:44:20] [main/ERROR]: No data fixer registered for beach_creeper
[17:44:20] [main/ERROR]: No data fixer registered for snowy_creeper
[17:44:20] [main/ERROR]: No data fixer registered for ocean_creeper
[17:44:20] [main/ERROR]: No data fixer registered for birch_creeper
[17:44:20] [main/ERROR]: No data fixer registered for dragonfly
[17:44:20] [main/ERROR]: No data fixer registered for dumbo_octopus
[17:44:20] [main/ERROR]: No data fixer registered for ferret
[17:44:20] [main/ERROR]: No data fixer registered for jumping_spider
[17:44:20] [main/ERROR]: No data fixer registered for koi_fish
[17:44:20] [main/ERROR]: No data fixer registered for leaf_insect
[17:44:20] [main/ERROR]: No data fixer registered for otter
[17:44:20] [main/ERROR]: No data fixer registered for red_panda
[17:44:20] [main/ERROR]: No data fixer registered for sea_bunny
[17:44:20] [main/ERROR]: No data fixer registered for shima_enaga
[17:44:20] [main/ERROR]: No data fixer registered for chair
[17:44:21] [main/INFO]: Enabled 28 bug fixes: [MC-2025, MC-7569, MC-8187, MC-30391, MC-69216, MC-88371, MC-89146, MC-93018, MC-100991, MC-119417, MC-119754, MC-121706, MC-121903, MC-129909, MC-132878, MC-135971, MC-155509, MC-160095, MC-179072, MC-183990, MC-199467, MC-200418, MC-206922, MC-215530, MC-223153, MC-224729, MC-231743, MC-232869]
[17:44:21] [main/INFO]: Successfully Debugify'd your game!
[17:44:21] [main/ERROR]: No data fixer registered for deer
[17:44:21] [main/INFO]: Loading Expanded Ecosphere
[17:44:21] [main/INFO]: [Expanded Ecosphere Updater] Found no updates
[17:44:21] [main/ERROR]: No data fixer registered for farm_and_charm:rotten_tomato
[17:44:21] [main/ERROR]: No data fixer registered for farm_and_charm:supply_cart
[17:44:21] [main/ERROR]: No data fixer registered for farm_and_charm:plow
[17:44:21] [main/ERROR]: No data fixer registered for farm_and_charm:chair
[17:44:21] [main/INFO]: Registering C2S receiver with id farm_and_charm:set_text
[17:44:21] [main/INFO]: Loaded config farmersdelight-common.json
[17:44:22] [main/INFO]: Registering Block
[17:44:22] [main/INFO]: Registering Item
[17:44:22] [main/INFO]: Registering Item Sub Predicate
[17:44:22] [main/INFO]: Registering Block Entity
[17:44:22] [main/INFO]: Registering Sound Event
[17:44:22] [main/INFO]: Registering Entity
[17:44:22] [main/INFO]: Registering Sensor Type
[17:44:22] [main/INFO]: Registering Memory Module Type
[17:44:22] [main/INFO]: Registering Feature
[17:44:22] [main/INFO]: Registering Trunk Placer Type
[17:44:22] [main/INFO]: Registering Tree Decorator Type
[17:44:22] [main/INFO]: Registering Trigger Type
[17:44:22] [main/INFO]: Registering Block State Provider Type
[17:44:22] [main/INFO]: Registering Block Predicate Type
[17:44:22] [main/INFO]: Registering Loot Pool Entry Type
[17:44:22] [main/INFO]: Registering Structure Type
[17:44:22] [main/INFO]: Registering Structure Piece Type
[17:44:22] [main/INFO]: Registering Entity Data Serializer
[17:44:22] [main/INFO]: Registering Loot Item Condition
[17:44:22] [main/INFO]: Registering Trigger Type
[17:44:22] [main/INFO]: Registering Entity Sub Predicate
[17:44:22] [main/INFO]: Registering Mob Effect
[17:44:22] [main/INFO]: Registering Placement Modifier
[17:44:22] [main/INFO]: Registering Surface Rule Condition Source
[17:44:22] [main/INFO]: Registering Poi Types
[17:44:22] [main/INFO]: Registering Map Decoration Types
[17:44:22] [main/INFO]: Registering Loot Item Function
[17:44:22] [main/INFO]: Registering Mod Items for flora
[17:44:22] [main/INFO]: blocks for flora
[17:44:22] [main/INFO]: registering block entities flora
[17:44:22] [main/INFO]: Registering Item Groups for flora
[17:44:22] [main/INFO]: Registering Mod Items for flora
[17:44:22] [main/INFO]: Loading Fowl Play 1.1.2+1.21.1-fabric
[17:44:22] [main/INFO]: Deserializing FowlPlayConfig from '/workspaces/paraside/servidor_minecraft/config/fowlplay.json5'
[17:44:22] [main/ERROR]: No data fixer registered for blue_jay
[17:44:22] [main/ERROR]: No data fixer registered for cardinal
[17:44:22] [main/ERROR]: No data fixer registered for chickadee
[17:44:22] [main/ERROR]: No data fixer registered for crow
[17:44:22] [main/ERROR]: No data fixer registered for duck
[17:44:22] [main/ERROR]: No data fixer registered for goose
[17:44:22] [main/ERROR]: No data fixer registered for gull
[17:44:22] [main/ERROR]: No data fixer registered for hawk
[17:44:22] [main/ERROR]: No data fixer registered for penguin
[17:44:22] [main/ERROR]: No data fixer registered for pigeon
[17:44:22] [main/ERROR]: No data fixer registered for raven
[17:44:22] [main/ERROR]: No data fixer registered for robin
[17:44:22] [main/ERROR]: No data fixer registered for sparrow
[17:44:22] [main/ERROR]: No data fixer registered for scarecrow
[17:44:22] [main/INFO]: Reflections took 145 ms to scan 1 urls, producing 9 keys and 76 values
[17:44:23] [main/ERROR]: No data fixer registered for seat
[17:44:23] [main/ERROR]: No data fixer registered for furniture:chair
[17:44:23] [main/ERROR]: No data fixer registered for furniture:canvas
[17:44:23] [main/ERROR]: No data fixer registered for furniture:pells
[17:44:23] [main/INFO]: Registered synced config with path sereneseasons/fertility.toml
[17:44:23] [main/INFO]: Registered synced config with path sereneseasons/seasons.toml
[17:44:23] [main/INFO]: Registered synced config with path toughasnails/thirst.toml
[17:44:23] [main/INFO]: Registered synced config with path toughasnails/temperature.toml
[17:44:23] [main/INFO]: Serene Seasons detected. Enabling season modifier.
[17:44:23] [main/ERROR]: No data fixer registered for season_sensor
[17:44:23] [main/ERROR]: No data fixer registered for water_purifier
[17:44:23] [main/ERROR]: No data fixer registered for temperature_gauge
[17:44:23] [main/ERROR]: No data fixer registered for thermoregulator
[17:44:23] [main/ERROR]: No data fixer registered for barrel_golem
[17:44:23] [main/ERROR]: No data fixer registered for candle_golem
[17:44:23] [main/ERROR]: No data fixer registered for coal_golem
[17:44:23] [main/ERROR]: No data fixer registered for hay_golem
[17:44:23] [main/ERROR]: No data fixer registered for honey_golem
[17:44:23] [main/ERROR]: No data fixer registered for kelp_golem
[17:44:23] [main/ERROR]: No data fixer registered for netherite_golem
[17:44:23] [main/ERROR]: No data fixer registered for slime_golem
[17:44:23] [main/ERROR]: No data fixer registered for terracotta_golem
[17:44:23] [main/ERROR]: No data fixer registered for candle_flame
[17:44:23] [main/ERROR]: No data fixer registered for mud_ball
[17:44:23] [main/ERROR]: No data fixer registered for honey_blob
[17:44:23] [main/INFO]: Initializing Gravestones
[17:44:23] [main/ERROR]: No data fixer registered for gravestone_skeleton
[17:44:23] [main/ERROR]: No data fixer registered for hyrule_terrors:lizalfos
[17:44:23] [main/ERROR]: No data fixer registered for hyrule_terrors:chuchu
[17:44:23] [main/ERROR]: No data fixer registered for hyrule_terrors:keese
[17:44:23] [main/ERROR]: No data fixer registered for hyrule_terrors:bokoblin
[17:44:23] [main/INFO]: Initializing Immersive Winds 0.9
[17:44:23] [main/INFO]: Loading Immersive Winds config
[17:44:23] [main/INFO]: Immersive Winds Config loaded
[17:44:23] [main/INFO]: Registering Wind networking...
[17:44:23] [main/INFO]: Networking registered successfully!
[17:44:23] [main/INFO]: Wind networking registered
[17:44:23] [main/INFO]: Immersive Winds Particles registered
[17:44:23] [main/INFO]: Initializing JamLib on Fabric
[17:44:23] [main/INFO]: Config spec system detected, register to Jupiter Config System.
[17:44:23] [main/INFO]: Cloth Config API detected, register to Jupiter Config System.
[17:44:23] [main/ERROR]: No data fixer registered for knightlib:great_chalice_starset_ring
[17:44:24] [main/ERROR]: No data fixer registered for gremlin
[17:44:24] [main/ERROR]: No data fixer registered for eldbomb
[17:44:24] [main/ERROR]: No data fixer registered for eldknight
[17:44:24] [main/ERROR]: No data fixer registered for samhain
[17:44:24] [main/ERROR]: No data fixer registered for swampman
[17:44:24] [main/ERROR]: No data fixer registered for fallen_knight
[17:44:24] [main/ERROR]: No data fixer registered for ratman
[17:44:24] [main/ERROR]: No data fixer registered for lizzy
[17:44:24] [main/ERROR]: No data fixer registered for bad_patch
[17:44:24] [main/ERROR]: No data fixer registered for ghastling
[17:44:24] [main/ERROR]: No data fixer registered for ghosty
[17:44:24] [main/ERROR]: No data fixer registered for netherman
[17:44:24] [main/ERROR]: No data fixer registered for netherman_clone
[17:44:24] [main/ERROR]: No data fixer registered for netherman_projectile_charge
[17:44:24] [main/ERROR]: No data fixer registered for swampman_axe
[17:44:24] [main/INFO]: Initialize mod Library Ferret
[17:44:24] [main/INFO]: Initialized mod Library Ferret
[17:44:24] [main/ERROR]: No data fixer registered for lilis_lucky_lures:dynamite
[17:44:24] [main/ERROR]: No data fixer registered for lilis_lucky_lures:thrown_spear
[17:44:24] [main/ERROR]: No data fixer registered for lilis_lucky_lures:floating_debris
[17:44:24] [main/ERROR]: No data fixer registered for lilis_lucky_lures:floating_books
[17:44:24] [main/ERROR]: No data fixer registered for lilis_lucky_lures:river_fish_pool
[17:44:24] [main/ERROR]: No data fixer registered for lilis_lucky_lures:ocean_fish_pool
[17:44:24] [main/INFO]: Loaded FabricRegistrationFactory for service Factory
[17:44:24] [main/INFO]: Loaded FabricPlatformHelper for service IPlatformHelper
[17:44:24] [main/ERROR]: No data fixer registered for livingthings:elephant
[17:44:24] [main/ERROR]: No data fixer registered for livingthings:giraffe
[17:44:24] [main/ERROR]: No data fixer registered for livingthings:lion
[17:44:24] [main/ERROR]: No data fixer registered for livingthings:shark
[17:44:24] [main/ERROR]: No data fixer registered for livingthings:penguin
[17:44:24] [main/ERROR]: No data fixer registered for livingthings:ostrich
[17:44:24] [main/ERROR]: No data fixer registered for livingthings:flamingo
[17:44:24] [main/ERROR]: No data fixer registered for livingthings:crab
[17:44:24] [main/ERROR]: No data fixer registered for livingthings:mantaray
[17:44:24] [main/ERROR]: No data fixer registered for livingthings:raccoon
[17:44:24] [main/ERROR]: No data fixer registered for livingthings:owl
[17:44:24] [main/ERROR]: No data fixer registered for livingthings:ancient_blaze
[17:44:24] [main/ERROR]: No data fixer registered for livingthings:koala
[17:44:24] [main/ERROR]: No data fixer registered for livingthings:snail
[17:44:24] [main/ERROR]: No data fixer registered for livingthings:monkey
[17:44:24] [main/ERROR]: No data fixer registered for livingthings:nether_knight
[17:44:24] [main/ERROR]: No data fixer registered for livingthings:shroomie
[17:44:24] [main/ERROR]: No data fixer registered for livingthings:seahorse
[17:44:24] [main/ERROR]: No data fixer registered for livingthings:baby_ender_dragon
[17:44:24] [main/ERROR]: No data fixer registered for livingthings:peacock
[17:44:24] [main/ERROR]: No data fixer registered for livingthings:thrown_ostrich_egg
[17:44:24] [main/INFO]: Config 'livingthings.json' was successfully loaded.
[17:44:24] [main/INFO]: Config 'penguin.json' was successfully loaded.
[17:44:24] [main/INFO]: Config 'elephant.json' was successfully loaded.
[17:44:24] [main/INFO]: Config 'giraffe.json' was successfully loaded.
[17:44:24] [main/INFO]: Config 'lion.json' was successfully loaded.
[17:44:24] [main/INFO]: Config 'shark.json' was successfully loaded.
[17:44:24] [main/INFO]: Config 'ostrich.json' was successfully loaded.
[17:44:24] [main/INFO]: Config 'flamingo.json' was successfully loaded.
[17:44:24] [main/INFO]: Config 'crab.json' was successfully loaded.
[17:44:24] [main/INFO]: Config 'mantaray.json' was successfully loaded.
[17:44:24] [main/INFO]: Config 'raccoon.json' was successfully loaded.
[17:44:24] [main/INFO]: Config 'owl.json' was successfully loaded.
[17:44:24] [main/INFO]: Config 'ancient_blaze.json' was successfully loaded.
[17:44:24] [main/INFO]: Config 'koala.json' was successfully loaded.
[17:44:24] [main/INFO]: Config 'snail.json' was successfully loaded.
[17:44:24] [main/INFO]: Config 'monkey.json' was successfully loaded.
[17:44:24] [main/INFO]: Config 'nether_knight.json' was successfully loaded.
[17:44:24] [main/INFO]: Config 'shroomie.json' was successfully loaded.
[17:44:24] [main/INFO]: Config 'seahorse.json' was successfully loaded.
[17:44:24] [main/INFO]: Config 'baby_ender_dragon.json' was successfully loaded.
[17:44:24] [main/INFO]: Config 'peacock.json' was successfully loaded.
[17:44:24] [main/INFO]: Registering MobAttributes
[17:44:24] [main/INFO]: Registering SpawnPlacements
[17:44:24] [main/ERROR]: No data fixer registered for meadow:water_buffalo
[17:44:24] [main/ERROR]: No data fixer registered for meadow:wooly_cow
[17:44:24] [main/ERROR]: No data fixer registered for meadow:chair
[17:44:24] [main/INFO]: Definitely not up to no good
[17:44:24] [main/INFO]: [STDOUT]: No matching files were found.
[17:44:24] [main/INFO]: Loaded config moonlight-common.json
[17:44:24] [main/INFO]: Configuration has been loaded
[17:44:24] [main/ERROR]: No data fixer registered for bullet
[17:44:24] [main/ERROR]: No data fixer registered for mutantszombies:blister_zombie
[17:44:24] [main/ERROR]: No data fixer registered for mutantszombies:crawler
[17:44:24] [main/ERROR]: No data fixer registered for mutantszombies:spitter
[17:44:24] [main/ERROR]: No data fixer registered for mutantszombies:spitter_projectile
[17:44:24] [main/ERROR]: No data fixer registered for mutantszombies:zombie_brute
[17:44:24] [main/ERROR]: No data fixer registered for mutantszombies:split_head_zombie
[17:44:24] [main/ERROR]: No data fixer registered for mutantszombies:mutant_brute
[17:44:24] [main/ERROR]: No data fixer registered for mutantszombies:rotten_mutant
[17:44:24] [main/INFO]: Registering Mod Items for mutantszombies
[17:44:24] [main/INFO]: Registering Sounds for mutantszombies
[17:44:24] [main/INFO]: dead people should put things in their grave, I have bills to pay - Blodgharm
[17:44:24] [main/INFO]: Registering Item Groups for plushie_buddies
[17:44:24] [main/INFO]: Registering Mod Items for plushie_buddies
[17:44:24] [main/INFO]: Registering ModBlocks for plushie_buddies
[17:44:24] [main/INFO]: Registering Sounds for plushie_buddies
[17:44:24] [main/INFO]: Initializing PneumonoCore
[17:44:24] [main/INFO]: Constructing common components for puzzleslib:main
[17:44:24] [main/INFO]: Registered synced data key refurbished_furniture:lock_yaw for refurbished_furniture:seat
[17:44:24] [main/INFO]: Updated config file at /workspaces/paraside/servidor_minecraft/config/rightclickharvest.json5
[17:44:24] [main/INFO]: Initializing Right Click Harvest on FABRIC
[17:44:24] [main/INFO]: Registering items for rusticdelight
[17:44:24] [main/INFO]: Registering blocks for rusticdelight
[17:44:24] [main/INFO]: Registering potions for rusticdelight
[17:44:24] [main/INFO]: Registering biome modifications for rusticdelight
[17:44:24] [main/INFO]: Registering placement modifiers for rusticdelight
[17:44:24] [main/INFO]: Registering item group for rusticdelight
[17:44:24] [main/INFO]: SereneSeasons detected. Overriding weather behavior.
[17:44:25] [main/ERROR]: No data fixer registered for 
[17:44:25] [main/INFO]: Registering blocks for storagedelight
[17:44:25] [main/INFO]: Registering block entity types for storagedelight
[17:44:25] [main/INFO]: Registering furniture fuels for storagedelight
[17:44:25] [main/INFO]: Registering creative mode tab for storagedelight
[17:44:25] [main/INFO]: Deserializing ItTakesPillageConfig from 'config/takesapillage.json'
[17:44:25] [main/INFO]: Initialized Tide on Fabric 1.21.1
[17:44:25] [main/ERROR]: No data fixer registered for star_arrow
[17:44:25] [main/ERROR]: No data fixer registered for loot_crate
[17:44:25] [main/ERROR]: No data fixer registered for rainbow_trout
[17:44:25] [main/ERROR]: No data fixer registered for brook_trout
[17:44:25] [main/ERROR]: No data fixer registered for largemouth_bass
[17:44:25] [main/ERROR]: No data fixer registered for smallmouth_bass
[17:44:25] [main/ERROR]: No data fixer registered for white_crappie
[17:44:25] [main/ERROR]: No data fixer registered for black_crappie
[17:44:25] [main/ERROR]: No data fixer registered for yellow_perch
[17:44:25] [main/ERROR]: No data fixer registered for carp
[17:44:25] [main/ERROR]: No data fixer registered for pike
[17:44:25] [main/ERROR]: No data fixer registered for guppy
[17:44:25] [main/ERROR]: No data fixer registered for bluegill
[17:44:25] [main/ERROR]: No data fixer registered for catfish
[17:44:25] [main/ERROR]: No data fixer registered for walleye
[17:44:25] [main/ERROR]: No data fixer registered for arapaima
[17:44:25] [main/ERROR]: No data fixer registered for mirage_catfish
[17:44:25] [main/ERROR]: No data fixer registered for sand_tiger_shark
[17:44:25] [main/ERROR]: No data fixer registered for slimy_salmon
[17:44:25] [main/ERROR]: No data fixer registered for frostbite_flounder
[17:44:25] [main/ERROR]: No data fixer registered for sturgeon
[17:44:25] [main/ERROR]: No data fixer registered for blossom_bass
[17:44:25] [main/ERROR]: No data fixer registered for spore_stalker
[17:44:25] [main/ERROR]: No data fixer registered for mooneye
[17:44:25] [main/ERROR]: No data fixer registered for bull_shark
[17:44:25] [main/ERROR]: No data fixer registered for ocean_perch
[17:44:25] [main/ERROR]: No data fixer registered for red_snapper
[17:44:25] [main/ERROR]: No data fixer registered for flounder
[17:44:25] [main/ERROR]: No data fixer registered for anchovy
[17:44:25] [main/ERROR]: No data fixer registered for tuna
[17:44:25] [main/ERROR]: No data fixer registered for mackerel
[17:44:25] [main/ERROR]: No data fixer registered for snook
[17:44:25] [main/ERROR]: No data fixer registered for angelfish
[17:44:25] [main/ERROR]: No data fixer registered for mahi_mahi
[17:44:25] [main/ERROR]: No data fixer registered for sailfish
[17:44:25] [main/ERROR]: No data fixer registered for swordfish
[17:44:25] [main/ERROR]: No data fixer registered for manta_ray
[17:44:25] [main/ERROR]: No data fixer registered for aquathorn
[17:44:25] [main/ERROR]: No data fixer registered for neptune_koi
[17:44:25] [main/ERROR]: No data fixer registered for pluto_snail
[17:44:25] [main/ERROR]: No data fixer registered for sun_emblem
[17:44:25] [main/ERROR]: No data fixer registered for saturn_cuttlefish
[17:44:25] [main/ERROR]: No data fixer registered for marstilus
[17:44:25] [main/ERROR]: No data fixer registered for uranias_pisces
[17:44:25] [main/ERROR]: No data fixer registered for great_white_shark
[17:44:25] [main/ERROR]: No data fixer registered for shooting_starfish
[17:44:25] [main/ERROR]: No data fixer registered for coelacanth
[17:44:25] [main/ERROR]: No data fixer registered for cave_eel
[17:44:25] [main/ERROR]: No data fixer registered for cave_crawler
[17:44:25] [main/ERROR]: No data fixer registered for deep_grouper
[17:44:25] [main/ERROR]: No data fixer registered for shadow_snapper
[17:44:25] [main/ERROR]: No data fixer registered for glowfish
[17:44:25] [main/ERROR]: No data fixer registered for anglerfish
[17:44:25] [main/ERROR]: No data fixer registered for abyss_angler
[17:44:25] [main/ERROR]: No data fixer registered for iron_tetra
[17:44:25] [main/ERROR]: No data fixer registered for lapis_lanternfish
[17:44:25] [main/ERROR]: No data fixer registered for crystal_shrimp
[17:44:25] [main/ERROR]: No data fixer registered for dripstone_darter
[17:44:25] [main/ERROR]: No data fixer registered for luminescent_jellyfish
[17:44:25] [main/ERROR]: No data fixer registered for crystalline_carp
[17:44:25] [main/ERROR]: No data fixer registered for gilded_minnow
[17:44:25] [main/ERROR]: No data fixer registered for bedrock_tetra
[17:44:25] [main/ERROR]: No data fixer registered for chasm_eel
[17:44:25] [main/ERROR]: No data fixer registered for echo_snapper
[17:44:25] [main/ERROR]: No data fixer registered for windbass
[17:44:25] [main/ERROR]: No data fixer registered for devils_hole_pupfish
[17:44:25] [main/ERROR]: No data fixer registered for midas_fish
[17:44:25] [main/ERROR]: No data fixer registered for incandescent_larva
[17:44:25] [main/ERROR]: No data fixer registered for bedrock_bug
[17:44:25] [main/ERROR]: No data fixer registered for sleepy_carp
[17:44:25] [main/ERROR]: No data fixer registered for blue_neonfish
[17:44:25] [main/ERROR]: No data fixer registered for judgment_fish
[17:44:25] [main/ERROR]: No data fixer registered for deep_blue
[17:44:25] [main/ERROR]: No data fixer registered for nephrosilu
[17:44:25] [main/ERROR]: No data fixer registered for vengeance
[17:44:25] [main/ERROR]: No data fixer registered for pentapus
[17:44:25] [main/ERROR]: No data fixer registered for darkness_eater
[17:44:25] [main/ERROR]: No data fixer registered for shadow_shark
[17:44:25] [main/ERROR]: No data fixer registered for alpha_fish
[17:44:25] [main/ERROR]: No data fixer registered for magma_mackerel
[17:44:25] [main/ERROR]: No data fixer registered for ember_koi
[17:44:25] [main/ERROR]: No data fixer registered for ash_perch
[17:44:25] [main/ERROR]: No data fixer registered for obsidian_pike
[17:44:25] [main/ERROR]: No data fixer registered for volcano_tuna
[17:44:25] [main/ERROR]: No data fixer registered for inferno_guppy
[17:44:25] [main/ERROR]: No data fixer registered for warped_guppy
[17:44:25] [main/ERROR]: No data fixer registered for crimson_fangjaw
[17:44:25] [main/ERROR]: No data fixer registered for soulscale
[17:44:25] [main/ERROR]: No data fixer registered for witherfin
[17:44:25] [main/ERROR]: No data fixer registered for blazing_swordfish
[17:44:25] [main/ERROR]: No data fixer registered for pale_clubfish
[17:44:25] [main/ERROR]: No data fixer registered for amber_rockfish
[17:44:25] [main/ERROR]: No data fixer registered for enderfin
[17:44:25] [main/ERROR]: No data fixer registered for chorus_cod
[17:44:25] [main/ERROR]: No data fixer registered for ender_glider
[17:44:25] [main/ERROR]: No data fixer registered for endergazer
[17:44:25] [main/ERROR]: No data fixer registered for violet_carp
[17:44:25] [main/ERROR]: No data fixer registered for red_40
[17:44:25] [main/ERROR]: No data fixer registered for dutchman_sock
[17:44:25] [main/ERROR]: No data fixer registered for elytrout
[17:44:25] [main/ERROR]: No data fixer registered for mantyvern
[17:44:25] [main/ERROR]: No data fixer registered for snatcher_squid
[17:44:25] [main/ERROR]: No data fixer registered for voidseeker
[17:44:25] [main/ERROR]: No data fixer registered for dragon_fish
[17:44:25] [main/INFO]: Registered new config: 'toadlib_config' for 'toadlib'
[17:44:25] [main/INFO]: Initializing the Undead Nights Mod
[17:44:25] [main/INFO]: Loading undeadnights horde mobs config
[17:44:25] [main/INFO]: No target entities specified in horde mob config, no additional entities will be targeted.
[17:44:25] [main/INFO]: Default horde mob undeadnights:horde_zombie was read from config.
[17:44:25] [main/INFO]: Horde mob undeadnights:elite_zombie with chance 3% was read from config.
[17:44:25] [main/INFO]: Horde mob undeadnights:demolition_zombie with chance 6% was read from config.
[17:44:25] [main/INFO]: Setting current difficulty level to: Level 1
[17:44:25] [main/INFO]: Loaded difficulty config with 1 difficulty levels.
[17:44:25] [main/ERROR]: No data fixer registered for undeadnights:horde_zombie
[17:44:25] [main/ERROR]: No data fixer registered for undeadnights:demolition_zombie
[17:44:25] [main/ERROR]: No data fixer registered for undeadnights:elite_zombie
[17:44:25] [main/ERROR]: No data fixer registered for undeadnights:tnt_projectile
[17:44:25] [main/INFO]: Registering Mod Items for undeadnights
[17:44:25] [main/INFO]: Registering Sounds for undeadnights
[17:44:25] [main/INFO]: Registering Item Groups for undeadnights
[17:44:25] [main/ERROR]: No data fixer registered for vinery:mule
[17:44:25] [main/ERROR]: No data fixer registered for vinery:wandering_winemaker
[17:44:25] [main/ERROR]: No data fixer registered for vinery:chair
[17:44:25] [main/INFO]: Registering Mod Blocks for web
[17:44:25] [main/INFO]: Registering Mod Items for web
[17:44:25] [main/INFO]: Registering Mod Entities for web
[17:44:25] [main/INFO]: Registering Web Features
[17:44:25] [main/INFO]: [STDOUT]: Registering Web Sounds
[17:44:25] [main/ERROR]: No data fixer registered for wildernature:termite
[17:44:25] [main/ERROR]: No data fixer registered for wildernature:bison
[17:44:25] [main/ERROR]: No data fixer registered for wildernature:boar
[17:44:25] [main/ERROR]: No data fixer registered for wildernature:cassowary
[17:44:25] [main/ERROR]: No data fixer registered for wildernature:deer
[17:44:25] [main/ERROR]: No data fixer registered for wildernature:dog
[17:44:25] [main/ERROR]: No data fixer registered for wildernature:flamingo
[17:44:25] [main/ERROR]: No data fixer registered for wildernature:hedgehog
[17:44:25] [main/ERROR]: No data fixer registered for wildernature:minisheep
[17:44:25] [main/ERROR]: No data fixer registered for wildernature:owl
[17:44:25] [main/ERROR]: No data fixer registered for wildernature:pelican
[17:44:25] [main/ERROR]: No data fixer registered for wildernature:penguin
[17:44:25] [main/ERROR]: No data fixer registered for wildernature:raccoon
[17:44:25] [main/ERROR]: No data fixer registered for wildernature:red_wolf
[17:44:25] [main/ERROR]: No data fixer registered for wildernature:squirrel
[17:44:25] [main/ERROR]: No data fixer registered for wildernature:turkey
[17:44:25] [main/ERROR]: No data fixer registered for wildernature:bullet
[17:44:25] [main/INFO]: Reflections took 2 ms to scan 1 urls, producing 1 keys and 3 values
[17:44:25] [main/INFO]: Reflections took 1 ms to scan 1 urls, producing 1 keys and 3 values
[17:44:25] [main/INFO]: Reflections took 0 ms to scan 1 urls, producing 1 keys and 2 values
[17:44:25] [main/INFO]: Reflections took 1 ms to scan 1 urls, producing 1 keys and 2 values
[17:44:25] [main/INFO]: Reflections took 1 ms to scan 1 urls, producing 1 keys and 2 values
[17:44:25] [main/INFO]: Reflections took 0 ms to scan 1 urls, producing 1 keys and 2 values
[17:44:25] [main/ERROR]: No data fixer registered for zombieawareness:scent
[17:44:26] [main/INFO]: Processing 5 KiwiModule annotations
[17:44:26] [main/INFO]: Module [snowrealmagic:core] initialized
[17:44:26] [main/INFO]: 		block: 11, block_entity_type: 2, loot_pool_entry_type: 1
[17:44:26] [main/INFO]: Module [kiwi:data] initialized
[17:44:26] [main/INFO]: 		recipe_serializer: 2
[17:44:26] [main/INFO]: Initialized block sets in 19ms
[17:44:26] [main/INFO]: Loaded config smarterfarmers-common.json
[17:44:26] [main/INFO]: Initialized color sets in 49ms
[17:44:26] [main/INFO]: Registering fishing conditions
[17:44:26] [main/INFO]: Registering fishing modifiers
[17:44:26] [main/ERROR]: Registry 'moonlight:world_saved_data_type' was empty after loading
[17:44:26] [main/ERROR]: Registry 'moonlight:custom_map_data_types' was empty after loading
[17:44:26] [main/INFO]: Environment: Environment[sessionHost=https://sessionserver.mojang.com, servicesHost=https://api.minecraftservices.com, name=PROD]
[17:44:26] [main/WARN]: Missing data pack mca
[17:44:26] [main/INFO]: Found new data pack alcocraftplus, loading it automatically
[17:44:26] [main/INFO]: Found new data pack civiliansmod, loading it automatically
[17:44:26] [main/INFO]: Found new data pack clutterbestiary, loading it automatically
[17:44:26] [main/INFO]: Found new data pack dawnoftimebuilder, loading it automatically
[17:44:26] [main/INFO]: Found new data pack deermod, loading it automatically
[17:44:26] [main/INFO]: Found new data pack golemoverhaul, loading it automatically
[17:44:26] [main/INFO]: Found new data pack mr_mc_calamity, loading it automatically
[17:44:27] [main/INFO]: StructureSet modified for minecraft:village : Now using custom village configuration (can be disabled in the better villages config: boolean.villages.enabled_custom_config).
[17:44:28] [main/INFO]: No existing world data, creating new world
[17:44:30] [Worker-Main-3/INFO]: Command '/livingthings' registered
[17:44:30] [Worker-Main-2/INFO]: All Tags to be dealt with: [accessories:face, accessories:belt, accessories:ring, accessories:hand, accessories:hat, accessories:cape, accessories:shoes, accessories:back, accessories:necklace]
[17:44:30] [Worker-Main-2/WARN]: [RuntimeTagModification] Adding Entries from [trinkets:head/face] to [accessories:face]: 
     [beachparty:sunglasses (from beachparty)]
[17:44:30] [Worker-Main-2/WARN]: [RuntimeTagModification] Adding Entries from [trinkets:legs/belt] to [accessories:belt]: 
     [beachparty:bikini (from beachparty), beachparty:trunks (from beachparty), beachparty:rubber_ring_blue (from beachparty), beachparty:rubber_ring_pink (from beachparty), beachparty:rubber_ring_stripped (from beachparty), beachparty:rubber_ring_pelican (from beachparty), beachparty:rubber_ring_axolotl (from beachparty)]
[17:44:30] [Worker-Main-2/WARN]: [RuntimeTagModification] Adding Entries from [trinkets:hand/ring] to [accessories:ring]: 
     [candlelight:gold_ring (from candlelight)]
[17:44:30] [Worker-Main-2/WARN]: [RuntimeTagModification] Adding Entries from [trinkets:hand/glove] to [accessories:hand]: 
     [beachparty:swim_wings (from beachparty)]
[17:44:30] [Worker-Main-2/WARN]: [RuntimeTagModification] Adding Entries from [trinkets:head/hat] to [accessories:hat]: 
     [beachparty:beach_hat (from beachparty), beachparty:sunglasses (from beachparty)]
[17:44:30] [Worker-Main-2/WARN]: [RuntimeTagModification] Adding Entries from [trinkets:chest/cape] to [accessories:cape]: 
     [#c:elytra (from clutterbestiary), #vc_gliders:gliders? (from vc_gliders), wildernature:fur_cloak (from wildernature)]
[17:44:30] [Worker-Main-2/WARN]: [RuntimeTagModification] Adding Entries from [trinkets:feet/shoes] to [accessories:shoes]: 
     [beachparty:crocs (from beachparty)]
[17:44:30] [Worker-Main-2/WARN]: [RuntimeTagModification] Adding Entries from [trinkets:chest/back] to [accessories:back]: 
     [camping:small_backpack (from camping), camping:large_backpack (from camping), camping:wanderer_backpack (from camping), camping:wanderer_bag (from camping), camping:sheepbag (from camping), camping:goodybag (from camping), camping:enderpack (from camping), camping:enderbag (from camping), sophisticatedbackpacks:backpack (from sophisticatedbackpacks), sophisticatedbackpacks:copper_backpack (from sophisticatedbackpacks), sophisticatedbackpacks:iron_backpack (from sophisticatedbackpacks), sophisticatedbackpacks:gold_backpack (from sophisticatedbackpacks), sophisticatedbackpacks:diamond_backpack (from sophisticatedbackpacks), sophisticatedbackpacks:netherite_backpack (from sophisticatedbackpacks), #vc_gliders:gliders? (from vc_gliders)]
[17:44:30] [Worker-Main-2/WARN]: [RuntimeTagModification] Adding Entries from [trinkets:chest/necklace] to [accessories:necklace]: 
     [crittersandcompanions:pearl_necklace_1 (from crittersandcompanions), crittersandcompanions:pearl_necklace_2 (from crittersandcompanions), crittersandcompanions:pearl_necklace_3 (from crittersandcompanions)]
[17:44:31] [main/ERROR]: Parsing error loading recipe dawnoftimebuilder:white_cushion
com.google.gson.JsonParseException: No key id in MapLike[{"item":"dawnoftimebuilder:white_cushion","count":4}]
	at knot/com.mojang.serialization.DataResult$Error.md4cdbfa$owo$lambda$addStackTraceToException$0$0(DataResult.java:565) ~[datafixerupper-8.0.16.jar:?]
	at knot/com.mojang.serialization.DataResult$Error.getOrThrow(DataResult.java:287) ~[datafixerupper-8.0.16.jar:?]
	at knot/net.minecraft.class_1863.method_20705(class_1863.java:62) ~[server-intermediary.jar:?]
	at knot/net.minecraft.class_1863.method_18788(class_1863.java:35) ~[server-intermediary.jar:?]
	at knot/net.minecraft.class_4080.method_18790(class_4080.java:13) ~[server-intermediary.jar:?]
	at java.base/java.util.concurrent.CompletableFuture$UniAccept.tryFire(CompletableFuture.java:718) ~[?:?]
	at java.base/java.util.concurrent.CompletableFuture$Completion.run(CompletableFuture.java:482) ~[?:?]
	at knot/net.minecraft.class_4014.method_18365(class_4014.java:69) ~[server-intermediary.jar:?]
	at knot/net.minecraft.class_156.method_43498(class_156.java:1024) [server-intermediary.jar:?]
	at knot/net.minecraft.class_156.method_43499(class_156.java:1012) [server-intermediary.jar:?]
	at knot/net.minecraft.server.Main.main(Main.java:182) [server-intermediary.jar:?]
	at net.fabricmc.loader.impl.game.minecraft.MinecraftGameProvider.launch(MinecraftGameProvider.java:514) [fabric-loader-0.18.3.jar:?]
	at net.fabricmc.loader.impl.launch.knot.Knot.launch(Knot.java:72) [fabric-loader-0.18.3.jar:?]
	at net.fabricmc.loader.impl.launch.knot.KnotServer.main(KnotServer.java:23) [fabric-loader-0.18.3.jar:?]
	at net.fabricmc.loader.impl.launch.server.FabricServerLauncher.main(FabricServerLauncher.java:69) [fabric-loader-0.18.3.jar:?]
	at net.fabricmc.installer.ServerLauncher.main(ServerLauncher.java:69) [fabric-server-launch.jar:1.0.1]
[17:44:31] [main/INFO]: Loaded 6073 recipes
[17:44:31] [main/INFO]: Loaded 4142 advancements
[17:44:31] [main/WARN]: Notice: Jupiter cannot resolve empty List<Enum> since technical issue in Java, it is recommended to add a value in default value list.
[17:44:31] [main/INFO]: Config spec loading complete, found 8 configs from 6 mods.
[17:44:31] [main/INFO]: Cloth Config loading complete, found 23 configs from 23 mods.
[17:44:31] [main/INFO]: Successfully reload 30 server config(s).
[17:44:31] [main/INFO]: Failed to load custom color set definition {"id":"quark:rune","colors":{"default":"quark:blank_rune"},"replace":false}. Ignoring
java.lang.IllegalStateException: Failed to parse either. First: Failed to parse either. First: Not a JSON object: "quark:blank_rune"; Second: Unknown registry key in ResourceKey[minecraft:root / minecraft:block]: quark:blank_rune; Second: Unknown registry key in ResourceKey[minecraft:root / minecraft:item]: quark:blank_rune missed input: {"default":"quark:blank_rune"}
	at knot/com.mojang.serialization.DataResult$Error.md4cdbfa$owo$lambda$addStackTraceToException$0$0(DataResult.java:565) ~[datafixerupper-8.0.16.jar:?]
	at knot/com.mojang.serialization.DataResult$Error.getOrThrow(DataResult.java:287) ~[datafixerupper-8.0.16.jar:?]
	at knot/com.mojang.serialization.DataResult.getOrThrow(DataResult.java:81) ~[datafixerupper-8.0.16.jar:?]
	at knot/net.mehvahdjukaar.moonlight.core.set.BlocksColorInternal.apply(BlocksColorInternal.java:94) ~[moonlight-1.21-2.29.11-fabric.jar:?]
	at knot/net.mehvahdjukaar.moonlight.core.set.BlocksColorInternal.method_18788(BlocksColorInternal.java:31) ~[moonlight-1.21-2.29.11-fabric.jar:?]
	at knot/net.minecraft.class_4080.method_18790(class_4080.java:13) ~[server-intermediary.jar:?]
	at java.base/java.util.concurrent.CompletableFuture$UniAccept.tryFire(CompletableFuture.java:718) ~[?:?]
	at java.base/java.util.concurrent.CompletableFuture$Completion.run(CompletableFuture.java:482) ~[?:?]
	at knot/net.minecraft.class_4014.method_18365(class_4014.java:69) ~[server-intermediary.jar:?]
	at knot/net.minecraft.class_156.method_43498(class_156.java:1024) [server-intermediary.jar:?]
	at knot/net.minecraft.class_156.method_43499(class_156.java:1012) [server-intermediary.jar:?]
	at knot/net.minecraft.server.Main.main(Main.java:182) [server-intermediary.jar:?]
	at net.fabricmc.loader.impl.game.minecraft.MinecraftGameProvider.launch(MinecraftGameProvider.java:514) [fabric-loader-0.18.3.jar:?]
	at net.fabricmc.loader.impl.launch.knot.Knot.launch(Knot.java:72) [fabric-loader-0.18.3.jar:?]
	at net.fabricmc.loader.impl.launch.knot.KnotServer.main(KnotServer.java:23) [fabric-loader-0.18.3.jar:?]
	at net.fabricmc.loader.impl.launch.server.FabricServerLauncher.main(FabricServerLauncher.java:69) [fabric-loader-0.18.3.jar:?]
	at net.fabricmc.installer.ServerLauncher.main(ServerLauncher.java:69) [fabric-server-launch.jar:1.0.1]
[17:44:31] [main/INFO]: Failed to load custom color set definition {"id":"suppsquared:sack","colors":{"default":"supplementaries:sack"},"replace":false}. Ignoring
java.lang.IllegalStateException: Failed to parse either. First: Failed to parse either. First: Not a JSON object: "supplementaries:sack"; Second: Unknown registry key in ResourceKey[minecraft:root / minecraft:block]: supplementaries:sack; Second: Unknown registry key in ResourceKey[minecraft:root / minecraft:item]: supplementaries:sack missed input: {"default":"supplementaries:sack"}
	at knot/com.mojang.serialization.DataResult$Error.md4cdbfa$owo$lambda$addStackTraceToException$0$0(DataResult.java:565) ~[datafixerupper-8.0.16.jar:?]
	at knot/com.mojang.serialization.DataResult$Error.getOrThrow(DataResult.java:287) ~[datafixerupper-8.0.16.jar:?]
	at knot/com.mojang.serialization.DataResult.getOrThrow(DataResult.java:81) ~[datafixerupper-8.0.16.jar:?]
	at knot/net.mehvahdjukaar.moonlight.core.set.BlocksColorInternal.apply(BlocksColorInternal.java:94) ~[moonlight-1.21-2.29.11-fabric.jar:?]
	at knot/net.mehvahdjukaar.moonlight.core.set.BlocksColorInternal.method_18788(BlocksColorInternal.java:31) ~[moonlight-1.21-2.29.11-fabric.jar:?]
	at knot/net.minecraft.class_4080.method_18790(class_4080.java:13) ~[server-intermediary.jar:?]
	at java.base/java.util.concurrent.CompletableFuture$UniAccept.tryFire(CompletableFuture.java:718) ~[?:?]
	at java.base/java.util.concurrent.CompletableFuture$Completion.run(CompletableFuture.java:482) ~[?:?]
	at knot/net.minecraft.class_4014.method_18365(class_4014.java:69) ~[server-intermediary.jar:?]
	at knot/net.minecraft.class_156.method_43498(class_156.java:1024) [server-intermediary.jar:?]
	at knot/net.minecraft.class_156.method_43499(class_156.java:1012) [server-intermediary.jar:?]
	at knot/net.minecraft.server.Main.main(Main.java:182) [server-intermediary.jar:?]
	at net.fabricmc.loader.impl.game.minecraft.MinecraftGameProvider.launch(MinecraftGameProvider.java:514) [fabric-loader-0.18.3.jar:?]
	at net.fabricmc.loader.impl.launch.knot.Knot.launch(Knot.java:72) [fabric-loader-0.18.3.jar:?]
	at net.fabricmc.loader.impl.launch.knot.KnotServer.main(KnotServer.java:23) [fabric-loader-0.18.3.jar:?]
	at net.fabricmc.loader.impl.launch.server.FabricServerLauncher.main(FabricServerLauncher.java:69) [fabric-loader-0.18.3.jar:?]
	at net.fabricmc.installer.ServerLauncher.main(ServerLauncher.java:69) [fabric-server-launch.jar:1.0.1]
[17:44:31] [main/INFO]: Failed to load custom color set definition {"id":"quark:shard","colors":{"default":"quark:clear_shard"},"replace":false}. Ignoring
java.lang.IllegalStateException: Failed to parse either. First: Failed to parse either. First: Not a JSON object: "quark:clear_shard"; Second: Unknown registry key in ResourceKey[minecraft:root / minecraft:block]: quark:clear_shard; Second: Unknown registry key in ResourceKey[minecraft:root / minecraft:item]: quark:clear_shard missed input: {"default":"quark:clear_shard"}
	at knot/com.mojang.serialization.DataResult$Error.md4cdbfa$owo$lambda$addStackTraceToException$0$0(DataResult.java:565) ~[datafixerupper-8.0.16.jar:?]
	at knot/com.mojang.serialization.DataResult$Error.getOrThrow(DataResult.java:287) ~[datafixerupper-8.0.16.jar:?]
	at knot/com.mojang.serialization.DataResult.getOrThrow(DataResult.java:81) ~[datafixerupper-8.0.16.jar:?]
	at knot/net.mehvahdjukaar.moonlight.core.set.BlocksColorInternal.apply(BlocksColorInternal.java:94) ~[moonlight-1.21-2.29.11-fabric.jar:?]
	at knot/net.mehvahdjukaar.moonlight.core.set.BlocksColorInternal.method_18788(BlocksColorInternal.java:31) ~[moonlight-1.21-2.29.11-fabric.jar:?]
	at knot/net.minecraft.class_4080.method_18790(class_4080.java:13) ~[server-intermediary.jar:?]
	at java.base/java.util.concurrent.CompletableFuture$UniAccept.tryFire(CompletableFuture.java:718) ~[?:?]
	at java.base/java.util.concurrent.CompletableFuture$Completion.run(CompletableFuture.java:482) ~[?:?]
	at knot/net.minecraft.class_4014.method_18365(class_4014.java:69) ~[server-intermediary.jar:?]
	at knot/net.minecraft.class_156.method_43498(class_156.java:1024) [server-intermediary.jar:?]
	at knot/net.minecraft.class_156.method_43499(class_156.java:1012) [server-intermediary.jar:?]
	at knot/net.minecraft.server.Main.main(Main.java:182) [server-intermediary.jar:?]
	at net.fabricmc.loader.impl.game.minecraft.MinecraftGameProvider.launch(MinecraftGameProvider.java:514) [fabric-loader-0.18.3.jar:?]
	at net.fabricmc.loader.impl.launch.knot.Knot.launch(Knot.java:72) [fabric-loader-0.18.3.jar:?]
	at net.fabricmc.loader.impl.launch.knot.KnotServer.main(KnotServer.java:23) [fabric-loader-0.18.3.jar:?]
	at net.fabricmc.loader.impl.launch.server.FabricServerLauncher.main(FabricServerLauncher.java:69) [fabric-loader-0.18.3.jar:?]
	at net.fabricmc.installer.ServerLauncher.main(ServerLauncher.java:69) [fabric-server-launch.jar:1.0.1]
[17:44:31] [main/INFO]: Configuration has been loaded
[17:44:31] [main/WARN]: Could not decode GlobalLootModifier with json id mynethersdelight:scavenging_onion_from_ghast - error: Unknown registry key in ResourceKey[minecraft:root / porting_lib:global_loot_modifier_serializers]: farmersdelight:add_item
[17:44:31] [main/WARN]: Could not decode GlobalLootModifier with json id mynethersdelight:add_loot_piglin_bartering - error: Unknown registry key in ResourceKey[minecraft:root / porting_lib:global_loot_modifier_serializers]: farmersdelight:add_loot_table
[17:44:31] [main/WARN]: Could not decode GlobalLootModifier with json id mynethersdelight:remplace_hoglin_pork_loin - error: Unknown registry key in ResourceKey[minecraft:root / porting_lib:global_loot_modifier_serializers]: mynethersdelight:remplace_item
[17:44:31] [main/WARN]: Could not decode GlobalLootModifier with json id mynethersdelight:scavenging_strider_egg - error: Unknown registry key in ResourceKey[minecraft:root / porting_lib:global_loot_modifier_serializers]: farmersdelight:add_item
[17:44:31] [main/WARN]: Could not decode GlobalLootModifier with json id mynethersdelight:scavenging_extra_ghasta1 - error: Unknown registry key in ResourceKey[minecraft:root / porting_lib:global_loot_modifier_serializers]: farmersdelight:add_item
[17:44:31] [main/WARN]: Could not decode GlobalLootModifier with json id mynethersdelight:add_loot_bastion_treasure - error: Unknown registry key in ResourceKey[minecraft:root / porting_lib:global_loot_modifier_serializers]: farmersdelight:add_loot_table
[17:44:31] [main/WARN]: Could not decode GlobalLootModifier with json id mynethersdelight:scavenging_extra_ghasta0 - error: Unknown registry key in ResourceKey[minecraft:root / porting_lib:global_loot_modifier_serializers]: farmersdelight:add_item
[17:44:31] [main/WARN]: Could not decode GlobalLootModifier with json id mynethersdelight:remplace_hoglin_cooked_pork_loin - error: Unknown registry key in ResourceKey[minecraft:root / porting_lib:global_loot_modifier_serializers]: mynethersdelight:remplace_item
[17:44:31] [main/WARN]: Could not decode GlobalLootModifier with json id mynethersdelight:slicing_magma_cake - error: Unknown registry key in ResourceKey[minecraft:root / porting_lib:global_loot_modifier_serializers]: mynethersdelight:especial_drop
[17:44:31] [main/WARN]: Could not decode GlobalLootModifier with json id mynethersdelight:scavenging_extra_strider_egg2 - error: Unknown registry key in ResourceKey[minecraft:root / porting_lib:global_loot_modifier_serializers]: farmersdelight:add_item
[17:44:31] [main/WARN]: Could not decode GlobalLootModifier with json id mynethersdelight:scavenging_extra_strider_egg1 - error: Unknown registry key in ResourceKey[minecraft:root / porting_lib:global_loot_modifier_serializers]: farmersdelight:add_item
[17:44:31] [main/WARN]: Could not decode GlobalLootModifier with json id mynethersdelight:scavenging_strider_slice - error: Unknown registry key in ResourceKey[minecraft:root / porting_lib:global_loot_modifier_serializers]: farmersdelight:add_item
[17:44:31] [main/WARN]: Could not decode GlobalLootModifier with json id mynethersdelight:scavenging_extra_strider_egg0 - error: Unknown registry key in ResourceKey[minecraft:root / porting_lib:global_loot_modifier_serializers]: farmersdelight:add_item
[17:44:31] [main/WARN]: Could not decode GlobalLootModifier with json id mynethersdelight:scavenging_extra_strider_slice0 - error: Unknown registry key in ResourceKey[minecraft:root / porting_lib:global_loot_modifier_serializers]: farmersdelight:add_item
[17:44:31] [main/WARN]: Could not decode GlobalLootModifier with json id mynethersdelight:scavenging_extra_strider_slice1 - error: Unknown registry key in ResourceKey[minecraft:root / porting_lib:global_loot_modifier_serializers]: farmersdelight:add_item
[17:44:31] [main/WARN]: Could not decode GlobalLootModifier with json id mynethersdelight:scavenging_ghasta - error: Unknown registry key in ResourceKey[minecraft:root / porting_lib:global_loot_modifier_serializers]: farmersdelight:add_item
[17:44:31] [main/WARN]: Could not decode GlobalLootModifier with json id mynethersdelight:add_loot_bastion_hoglin_stable - error: Unknown registry key in ResourceKey[minecraft:root / porting_lib:global_loot_modifier_serializers]: farmersdelight:add_loot_table
[17:44:31] [main/WARN]: Could not decode GlobalLootModifier with json id mynethersdelight:scavenging_hoglin_hide - error: Unknown registry key in ResourceKey[minecraft:root / porting_lib:global_loot_modifier_serializers]: farmersdelight:add_item
[17:44:31] [main/INFO]: Found unknown fish "crittersandcompanions:clam" in vanilla fishing loot table, auto-generating fish data
[17:44:31] [main/INFO]: Found unknown fish "crittersandcompanions:koi_fish" in vanilla fishing loot table, auto-generating fish data
[17:44:31] [main/INFO]: Auto-generated 2 fish data entries
[17:44:31] [main/INFO]: Loaded 116 entries from 'tide:fishing/fish'
[17:44:31] [main/INFO]: Loaded 9 entries from 'tide:fishing/loot'
[17:44:31] [main/INFO]: Loaded 9 entries from 'tide:fishing/crates'
[17:44:31] [main/INFO]: Loaded 11 entries from 'tide:bait'
[17:44:31] [main/INFO]: Loaded 4 entries from 'tide:rod_accessories'
[17:44:31] [main/WARN]: Initial datapack load took 5.116 s
[17:44:32] [main/INFO]: Applied 14066 biome modifications to 270 of 270 new biomes in 207.1 ms
[17:44:32] [Server thread/INFO]: Loading server configs...
[17:44:32] [Server thread/INFO]: Sent config sync packet to 0 player(s)
[17:44:32] [Server thread/INFO]: Starting minecraft server version 1.21.1
[17:44:32] [Server thread/INFO]: Loading properties
[17:44:32] [Server thread/INFO]: Default game type: SURVIVAL
[17:44:32] [Server thread/INFO]: Generating keypair
[17:44:32] [Server thread/INFO]: Starting Minecraft server on *:25565
[17:44:32] [Server thread/INFO]: Using epoll channel type
[17:44:32] [Server thread/WARN]: **** SERVER IS RUNNING IN OFFLINE/INSECURE MODE!
[17:44:32] [Server thread/WARN]: The server will make no attempt to authenticate usernames. Beware.
[17:44:32] [Server thread/WARN]: While this makes the game possible to play without internet access, it also opens up the ability for hackers to connect with any username they choose.
[17:44:32] [Server thread/WARN]: To change this, set "online-mode" to "true" in the server.properties file.
[17:44:32] [Server thread/INFO]: Preparing level "world"
[17:44:32] [Server thread/INFO]: Enforcing safe world random access
[17:44:32] [Server thread/INFO]: Added new enum to class net.minecraft.class_4284: FISHOFTHIEVES_SAVED_BAIT_PRESERVE
[17:44:32] [Server thread/INFO]: Using TheSpeedyObjectFactory with Unsafe
[17:44:32] [Server thread/INFO]: Initializing wind system
[17:44:32] [Server thread/INFO]: Wind loaded from save data - Direction: 0, Strength: 5, Weather: 0
[17:44:32] [Server thread/INFO]: Wind initialized
[17:44:32] [Server thread/INFO]: Wind system initialized for overworld
[17:44:38] [c2me-worker-2/WARN]: Unable to read property: type with value: single for blockstate: {Name:"meadow:bench",Properties:{facing:"west",type:"single",waterlogged:"false"}}
[17:44:38] [c2me-worker-2/WARN]: Unable to read property: type with value: single for blockstate: {Name:"meadow:bench",Properties:{facing:"south",type:"single",waterlogged:"false"}}
[17:44:39] [c2me-worker-2/WARN]: Empty or non-existent pool: 1_terraria:underground_cabin/furnature
[17:44:42] [c2me-worker-1/WARN]: Feature order cycle found, involved sources: [Reference{ResourceKey[minecraft:worldgen/biome / bloomingnature:larch_forest]=net.minecraft.class_1959@6df13b40}, Reference{ResourceKey[minecraft:worldgen/biome / bloomingnature:highland_woods]=net.minecraft.class_1959@7b87b9a}]
[17:44:42] [c2me-worker-1/WARN]: Vanilla feature indexer failed; retrying with Biolith's resilient feature indexer...
[17:44:42] [c2me-worker-1/INFO]: Dropping cycle-forming edge in biome minecraft:old_growth_spruce_taiga: bloomingnature:grass/mossgrass_patch_placed -> bloomingnature:cold/cobblestone_pile_placed
[17:44:43] [c2me-worker-1/INFO]: Dropping cycle-forming edge in biome minecraft:river: bloomingnature:temperate/ore_travertine_placed -> bloomingnature:temperate/stone_boulder_placed
[17:44:43] [c2me-worker-1/INFO]: Dropping cycle-forming edge in biome minecraft:sparse_jungle: bloomingnature:temperate/stone_slabs_placed -> bloomingnature:temperate/stone_boulder_placed
[17:44:44] [c2me-worker-1/INFO]: Dropping cycle-forming edge in biome bloomingnature:cold_grassland: bloomingnature:flowers/cold_grassland_flower_patch_placed -> minecraft:brown_mushroom_taiga
[17:44:44] [c2me-worker-1/INFO]: Dropping cycle-forming edge in biome bloomingnature:larch_forest: bloomingnature:cold/forest_moss_carpet_placed -> minecraft:brown_mushroom_taiga
[17:44:44] [c2me-worker-1/INFO]: Dropping cycle-forming edge in biome bloomingnature:highland_woods: bloomingnature:grass/mossgrass_patch_placed -> bloomingnature:grass/dense_wild_grass_patch_placed
[17:44:44] [c2me-worker-1/INFO]: Dropping cycle-forming edge in biome bloomingnature:highland_woods: bloomingnature:flowers/cold_grassland_flower_patch_placed -> minecraft:brown_mushroom_taiga
[17:44:45] [Server thread/INFO]: Preparing start region for dimension minecraft:overworld
[17:44:45] [c2me-worker-2/INFO]: Preparing spawn area: 2%
[17:44:45] [c2me-worker-2/INFO]: Preparing spawn area: 2%
[17:44:46] [c2me-worker-2/WARN]: Empty or non-existent pool: 1_terraria:underground_cabin/furnature
[17:44:46] [c2me-worker-0/INFO]: Preparing spawn area: 2%
[17:44:46] [c2me-worker-0/INFO]: Preparing spawn area: 2%
[17:44:47] [minecraft_overworld - Light/INFO]: Preparing spawn area: 4%
[17:44:47] [c2me-worker-0/WARN]: Empty or non-existent pool: 1_terraria:underground_cabin/furnature
[17:44:47] [c2me-worker-0/INFO]: Preparing spawn area: 8%
[17:44:48] [c2me-worker-0/INFO]: Preparing spawn area: 12%
[17:44:48] [c2me-worker-0/INFO]: Preparing spawn area: 18%
[17:44:49] [minecraft_overworld - Light/INFO]: Preparing spawn area: 26%
[17:44:49] [c2me-worker-1/INFO]: Preparing spawn area: 34%
[17:44:50] [c2me-worker-1/INFO]: Preparing spawn area: 40%
[17:44:50] [c2me-worker-0/INFO]: Preparing spawn area: 44%
[17:44:51] [c2me-worker-1/INFO]: Preparing spawn area: 57%
[17:44:51] [c2me-worker-1/INFO]: Preparing spawn area: 69%
[17:44:52] [minecraft_overworld - Light/INFO]: Preparing spawn area: 73%
[17:44:52] [c2me-worker-2/INFO]: Preparing spawn area: 85%
[17:44:53] [minecraft_overworld - Light/INFO]: Preparing spawn area: 93%
[17:44:53] [Server thread/INFO]: Time elapsed: 8039 ms
[17:44:53] [Server thread/INFO]: Done (20.834s)! For help, type "help"
[17:44:53] [Server thread/WARN]: Dedicated server took 48.039 seconds to load
[17:44:53] [Server thread/INFO]: Immersive Winds World tick event registered
[17:44:53] [Server thread/INFO]: Day scale counter max value changed in config, resetting current day scale counter to 0
[17:44:53] [Server thread/INFO]: [STDERR]: Vinery Villager Trade Item not found or is AIR: vinery:flower_box
[17:44:53] [Server thread/INFO]: [STDERR]: Vinery Villager Trade Item not found or is AIR: vinery:flower_box
[17:44:53] [Server thread/INFO]: [STDERR]: Vinery Villager Trade Item not found or is AIR: vinery:basket
[17:44:53] [Server thread/INFO]: [STDERR]: Vinery Villager Trade Item not found or is AIR: vinery:flower_pot_big
[17:44:53] [Server thread/INFO]: [STDERR]: Vinery Villager Trade Item not found or is AIR: vinery:taiga_red_grape_seeds
[17:44:53] [Server thread/INFO]: [STDERR]: Vinery Villager Trade Item not found or is AIR: vinery:taiga_white_grape_seeds
[17:44:53] [Server thread/INFO]: [STDERR]: Vinery Villager Trade Item not found or is AIR: vinery:basket
[17:44:53] [Server thread/INFO]: [STDERR]: Vinery Villager Trade Item not found or is AIR: vinery:flower_pot_big
[17:44:53] [Server thread/INFO]: [STDERR]: Vinery Villager Trade Item not found or is AIR: vinery:taiga_red_grape_seeds
[17:44:53] [Server thread/INFO]: [STDERR]: Vinery Villager Trade Item not found or is AIR: vinery:taiga_white_grape_seeds
[17:44:53] [Server thread/INFO]: [STDERR]: Vinery Villager Trade Item not found or is AIR: vinery:calendar
[17:44:53] [Server thread/INFO]: [STDERR]: Vinery Villager Trade Item not found or is AIR: vinery:calendar
[17:44:53] [Server thread/INFO]: Changing maximum value for minecraft:generic.armor from 30.0 to 1000000.0.
[17:44:53] [Server thread/INFO]: Changing maximum value for minecraft:generic.armor_toughness from 20.0 to 1000000.0.
[17:44:53] [Server thread/INFO]: Changing maximum value for minecraft:generic.attack_damage from 2048.0 to 1000000.0.
[17:44:53] [Server thread/INFO]: Changing maximum value for minecraft:generic.attack_knockback from 5.0 to 1000000.0.
[17:44:53] [Server thread/INFO]: Changing maximum value for minecraft:generic.max_health from 1024.0 to 1000000.0.
[17:44:56] [Server thread/WARN]: Failed to load offers: Not a valid resource location: !minecraft:food Non [a-z0-9_.-] character in namespace of location: !minecraft:food; Not a valid resource location: !minecraft:food Non [a-z0-9_.-] character in namespace of location: !minecraft:food missed input: {"!minecraft:food":{}}
[17:44:56] [Server thread/WARN]: Failed to load offers: Not a valid resource location: !minecraft:food Non [a-z0-9_.-] character in namespace of location: !minecraft:food; Not a valid resource location: !minecraft:food Non [a-z0-9_.-] character in namespace of location: !minecraft:food missed input: {"!minecraft:food":{}}
[17:45:22] [Server thread/INFO]: [STDOUT]: Lithium Cached BlockState Flags are disabled!
[17:45:22] [Server thread/INFO]: Madericz[/127.237.250.73:54997] logged in with entity id 21 at (10.5, 93.0, 108.5)
[17:45:22] [Server thread/INFO]: Sending server config values to client
[17:45:22] [Server thread/INFO]: Sent config sync packet to 1 player(s)
[17:45:22] [Server thread/INFO]: Madericz joined the game
[17:45:22] [Server thread/INFO]: Madericz has made the advancement [Hyrule Terrors]
[17:45:23] [c2me-worker-2/WARN]: Empty or non-existent pool: 1_terraria:underground_cabin/furnature
[17:45:24] [Server thread/INFO]: Receiving client config
[17:45:25] [Server thread/ERROR]: Not a number
[17:45:27] [c2me-worker-0/WARN]: Empty or non-existent pool: 1_terraria:underground_cabin/furnature
[17:45:28] [Server thread/WARN]: Can't keep up! Is the server overloaded? Running 2007ms or 40 ticks behind
[17:45:28] [Server thread/WARN]: UUID of added entity already exists: BabySpiderEntity['Baby Spider'/126, l='ServerLevel[world]', x=-7.50, y=-15.00, z=82.50]
[17:45:30] [c2me-worker-1/WARN]: Empty or non-existent pool: 1_terraria:underground_cabin/furnature
[17:45:31] [Server thread/ERROR]: Not a number
[17:45:31] [Server thread/ERROR]: Not a number
[17:45:37] [c2me-worker-1/WARN]: Empty or non-existent pool: 1_terraria:underground_cabin/furnature
[17:45:37] [c2me-worker-1/WARN]: Empty or non-existent pool: 1_terraria:underground_cabin/furnature
[17:45:41] [c2me-worker-0/WARN]: Empty or non-existent pool: 1_terraria:underground_cabin/furnature
[17:45:42] [c2me-worker-2/WARN]: Empty or non-existent pool: 1_terraria:underground_cabin/furnature
[17:45:46] [c2me-worker-1/WARN]: Empty or non-existent pool: 1_terraria:underground_cabin/furnature
[17:45:50] [Server thread/WARN]: Can't keep up! Is the server overloaded? Running 6988ms or 139 ticks behind
[17:45:51] [c2me-worker-0/WARN]: Empty or non-existent pool: 1_terraria:underground_cabin/furnature
[17:45:54] [Server thread/ERROR]: Not a number
[17:45:54] [Server thread/ERROR]: Not a number
[17:46:02] [c2me-worker-0/WARN]: Empty or non-existent pool: 1_terraria:underground_cabin/furnature
[17:46:07] [Server thread/WARN]: Can't keep up! Is the server overloaded? Running 2133ms or 42 ticks behind
[17:46:13] [Server thread/ERROR]: Not a number
[17:46:13] [Server thread/ERROR]: Not a number
[17:46:16] [Server thread/ERROR]: Not a number
[17:46:38] [Server thread/ERROR]: Not a number
[17:46:38] [Server thread/ERROR]: Not a number
[17:46:38] [Server thread/ERROR]: Not a number
[17:46:47] [Server thread/ERROR]: Not a number
[17:46:49] [Server thread/ERROR]: Not a number
[17:46:49] [Server thread/ERROR]: Not a number
[17:47:30] [Server thread/ERROR]: Not a number
[17:47:30] [Server thread/ERROR]: Not a number
[17:47:51] [Server thread/ERROR]: Not a number
[17:47:51] [Server thread/ERROR]: Not a number
[17:48:04] [Server thread/ERROR]: Not a number
[17:48:04] [Server thread/ERROR]: Not a number
[17:49:03] [Server thread/ERROR]: Not a number
[17:49:03] [Server thread/ERROR]: Not a number
[17:49:03] [Server thread/ERROR]: Not a number
[17:49:05] [Server thread/ERROR]: Not a number
[17:49:05] [Server thread/ERROR]: Not a number
[17:49:05] [Server thread/ERROR]: Not a number
[17:49:05] [Server thread/ERROR]: Not a number
[17:49:05] [Server thread/ERROR]: Not a number
[17:49:36] [Server thread/ERROR]: Not a number
[17:49:49] [Server thread/ERROR]: Not a number
[17:49:52] [Server thread/ERROR]: Not a number
[17:49:52] [Server thread/ERROR]: Not a number
[17:49:52] [Server thread/ERROR]: Not a number
[17:50:01] [Server thread/ERROR]: Not a number
[17:50:01] [Server thread/ERROR]: Not a number
[17:50:08] [Server thread/ERROR]: Not a number
[17:50:08] [Server thread/ERROR]: Not a number
[17:50:26] [Server thread/ERROR]: Not a number
[17:50:26] [Server thread/ERROR]: Not a number
[17:50:26] [Server thread/ERROR]: Not a number
[17:50:36] [Server thread/ERROR]: Not a number
[17:50:36] [Server thread/ERROR]: Not a number
[17:50:37] [Server thread/ERROR]: Not a number
[17:51:29] [Server thread/ERROR]: Not a number
[17:51:29] [Server thread/ERROR]: Not a number
[17:51:29] [Server thread/ERROR]: Not a number
[17:51:31] [Server thread/ERROR]: Not a number
[17:51:41] [Server thread/ERROR]: Not a number
[17:51:50] [Server thread/WARN]: Failed to load offers: Not a valid resource location: !minecraft:food Non [a-z0-9_.-] character in namespace of location: !minecraft:food; Not a valid resource location: !minecraft:food Non [a-z0-9_.-] character in namespace of location: !minecraft:food missed input: {"!minecraft:food":{}}
[17:51:51] [Server thread/WARN]: Failed to load offers: Not a valid resource location: !minecraft:food Non [a-z0-9_.-] character in namespace of location: !minecraft:food; Not a valid resource location: !minecraft:food Non [a-z0-9_.-] character in namespace of location: !minecraft:food missed input: {"!minecraft:food":{}}
[17:51:51] [Server thread/WARN]: Failed to load offers: Not a valid resource location: !minecraft:food Non [a-z0-9_.-] character in namespace of location: !minecraft:food; Not a valid resource location: !minecraft:food Non [a-z0-9_.-] character in namespace of location: !minecraft:food missed input: {"!minecraft:food":{}}
[17:51:51] [Server thread/WARN]: Failed to load offers: Not a valid resource location: !minecraft:food Non [a-z0-9_.-] character in namespace of location: !minecraft:food; Not a valid resource location: !minecraft:food Non [a-z0-9_.-] character in namespace of location: !minecraft:food missed input: {"!minecraft:food":{}}
[17:51:51] [Server thread/WARN]: Failed to load offers: Not a valid resource location: !minecraft:food Non [a-z0-9_.-] character in namespace of location: !minecraft:food; Not a valid resource location: !minecraft:food Non [a-z0-9_.-] character in namespace of location: !minecraft:food missed input: {"!minecraft:food":{}}
[17:51:51] [Server thread/WARN]: Failed to load offers: Not a valid resource location: !minecraft:food Non [a-z0-9_.-] character in namespace of location: !minecraft:food; Not a valid resource location: !minecraft:food Non [a-z0-9_.-] character in namespace of location: !minecraft:food missed input: {"!minecraft:food":{}}
[17:51:51] [Server thread/WARN]: Failed to load offers: Not a valid resource location: !minecraft:food Non [a-z0-9_.-] character in namespace of location: !minecraft:food; Not a valid resource location: !minecraft:food Non [a-z0-9_.-] character in namespace of location: !minecraft:food missed input: {"!minecraft:food":{}}
[17:51:51] [Server thread/WARN]: Failed to load offers: Not a valid resource location: !minecraft:food Non [a-z0-9_.-] character in namespace of location: !minecraft:food; Not a valid resource location: !minecraft:food Non [a-z0-9_.-] character in namespace of location: !minecraft:food missed input: {"!minecraft:food":{}}
[17:51:51] [Server thread/WARN]: Failed to load offers: Not a valid resource location: !minecraft:food Non [a-z0-9_.-] character in namespace of location: !minecraft:food; Not a valid resource location: !minecraft:food Non [a-z0-9_.-] character in namespace of location: !minecraft:food missed input: {"!minecraft:food":{}}
[17:51:51] [Server thread/WARN]: Failed to load offers: Not a valid resource location: !minecraft:food Non [a-z0-9_.-] character in namespace of location: !minecraft:food; Not a valid resource location: !minecraft:food Non [a-z0-9_.-] character in namespace of location: !minecraft:food missed input: {"!minecraft:food":{}}
[17:51:51] [Server thread/ERROR]: Not a number
[17:51:51] [Server thread/ERROR]: Not a number
[17:51:51] [Server thread/ERROR]: Not a number
[17:51:51] [Server thread/ERROR]: Not a number
[17:51:52] [Server thread/WARN]: Failed to load offers: Not a valid resource location: !minecraft:food Non [a-z0-9_.-] character in namespace of location: !minecraft:food; Not a valid resource location: !minecraft:food Non [a-z0-9_.-] character in namespace of location: !minecraft:food missed input: {"!minecraft:food":{}}
[17:51:52] [Server thread/WARN]: Failed to load offers: Not a valid resource location: !minecraft:food Non [a-z0-9_.-] character in namespace of location: !minecraft:food; Not a valid resource location: !minecraft:food Non [a-z0-9_.-] character in namespace of location: !minecraft:food missed input: {"!minecraft:food":{}}
[17:51:52] [Server thread/WARN]: Failed to load offers: Not a valid resource location: !minecraft:food Non [a-z0-9_.-] character in namespace of location: !minecraft:food; Not a valid resource location: !minecraft:food Non [a-z0-9_.-] character in namespace of location: !minecraft:food missed input: {"!minecraft:food":{}}
[17:51:58] [Server thread/ERROR]: Not a number
[17:52:08] [c2me-worker-2/WARN]: Empty or non-existent pool: 1_terraria:underground_cabin/furnature
[17:52:08] [c2me-worker-2/WARN]: Empty or non-existent pool: 1_terraria:underground_cabin/furnature
[17:52:11] [Server thread/INFO]: Named entity class_1621['Green Jellyfish'/11149, l='ServerLevel[world]', x=-384.33, y=23.96, z=42.48] died: Green Jellyfish suffocated in a wall
[17:52:14] [Server thread/WARN]: Oak Boat (vehicle of Madericz) moved too quickly! -9.827784101090742,0.0,-1.9852482969508571
[17:52:16] [Server thread/WARN]: Oak Boat (vehicle of Madericz) moved too quickly! 13.36097422596481,0.0,-8.133043835943049
[17:52:16] [Server thread/WARN]: Oak Boat (vehicle of Madericz) moved too quickly! 13.354374253360334,0.0,-8.145890337506117
[17:52:16] [Server thread/WARN]: Oak Boat (vehicle of Madericz) moved too quickly! 13.017385970660314,0.0,-7.956127000539915
[17:52:16] [Server thread/WARN]: Oak Boat (vehicle of Madericz) moved too quickly! 12.674101651158253,0.0,-7.785980411385786
[17:52:16] [Server thread/WARN]: Oak Boat (vehicle of Madericz) moved too quickly! 12.325474924434616,0.0,-7.637969393113849
[17:52:16] [Server thread/WARN]: Oak Boat (vehicle of Madericz) moved too quickly! 11.972758997465348,0.0,-7.513856223736944
[17:52:16] [Server thread/WARN]: Oak Boat (vehicle of Madericz) moved too quickly! 11.617349213715954,0.0,-7.4147489726022755
[17:52:16] [Server thread/WARN]: Oak Boat (vehicle of Madericz) moved too quickly! 11.260672190557557,0.0,-7.34120985151899
[17:52:16] [Server thread/WARN]: Oak Boat (vehicle of Madericz) moved too quickly! 10.904107970002826,0.0,-7.293350811314561
[17:52:16] [Server thread/WARN]: Oak Boat (vehicle of Madericz) moved too quickly! 10.5489384429859,0.0,-7.270920675831263
[17:52:16] [Server thread/WARN]: Oak Boat (vehicle of Madericz) moved too quickly! 10.196315329462493,0.0,-7.273381795801988
[17:52:16] [Server thread/WARN]: Oak Boat (vehicle of Madericz) moved too quickly! 9.84724688006014,0.0,-7.299981726996251
[17:52:16] [Server thread/WARN]: Oak Boat (vehicle of Madericz) moved too quickly! 9.502592467800127,0.0,-7.349809656669933
[17:52:16] [Server thread/WARN]: Oak Boat (vehicle of Madericz) moved too quickly! 9.163066033632276,0.0,-7.421845097480862
[17:52:16] [Server thread/WARN]: Oak Boat (vehicle of Madericz) moved too quickly! 8.829243255433596,0.0,-7.514996492879952
[17:52:16] [Server thread/WARN]: Oak Boat (vehicle of Madericz) moved too quickly! 8.501567486016654,0.0,-7.628128474128822
[17:52:18] [c2me-worker-0/WARN]: Empty or non-existent pool: 1_terraria:underground_cabin/furnature
[17:52:18] [c2me-worker-0/WARN]: Empty or non-existent pool: 1_terraria:underground_cabin/furnature
[17:52:21] [Server thread/ERROR]: Not a number
[17:52:22] [Server thread/ERROR]: Not a number
[17:52:38] [Server thread/INFO]: Madericz was slain by Wulfrum Gyrator
[17:52:38] [Server thread/INFO]: Placed Madericz's Gravestone at (-460, 71, 57) in minecraft:overworld
[17:52:42] [Server thread/ERROR]: Not a number
[17:52:42] [Server thread/ERROR]: Not a number
[17:52:42] [Server thread/ERROR]: Not a number
[17:52:42] [Server thread/ERROR]: Not a number
[17:53:48] [Server thread/ERROR]: Not a number
[17:53:48] [Server thread/ERROR]: Not a number
[17:54:06] [Server thread/ERROR]: Not a number
[17:54:06] [Server thread/ERROR]: Not a number
[17:54:06] [Server thread/ERROR]: Not a number
[17:54:18] [Server thread/ERROR]: Not a number
[17:54:30] [Server thread/ERROR]: Not a number
[17:54:34] [Server thread/ERROR]: Not a number
[17:54:34] [Server thread/ERROR]: Not a number
[17:54:55] [Server thread/ERROR]: Not a number
[17:55:28] [Server thread/ERROR]: Not a number
[17:55:28] [Server thread/ERROR]: Not a number
[17:55:31] [Server thread/WARN]: Failed to load offers: Not a valid resource location: !minecraft:food Non [a-z0-9_.-] character in namespace of location: !minecraft:food; Not a valid resource location: !minecraft:food Non [a-z0-9_.-] character in namespace of location: !minecraft:food missed input: {"!minecraft:food":{}}
[17:55:31] [Server thread/WARN]: Failed to load offers: Not a valid resource location: !minecraft:food Non [a-z0-9_.-] character in namespace of location: !minecraft:food; Not a valid resource location: !minecraft:food Non [a-z0-9_.-] character in namespace of location: !minecraft:food missed input: {"!minecraft:food":{}}
[17:55:43] [Server thread/ERROR]: Not a number
[17:55:43] [Server thread/ERROR]: Not a number
[17:55:45] [Server thread/INFO]: Unknown or incomplete command, see below for error
[17:55:45] [Server thread/INFO]: OP MADERICZ<--[HERE]
[17:55:53] [Server thread/ERROR]: Not a number
[17:56:06] [Server thread/ERROR]: Not a number
[17:56:06] [Server thread/ERROR]: Not a number
[17:56:06] [Server thread/ERROR]: Not a number
[17:56:26] [Server thread/INFO]: Made Madericz a server operator
[17:56:55] [Server thread/INFO]: [Madericz: Set own game mode to Creative Mode]
[17:57:07] [Server thread/ERROR]: Not a number
[17:57:12] [Server thread/ERROR]: Not a number
[17:57:12] [Server thread/ERROR]: Not a number
[17:57:12] [Server thread/ERROR]: Not a number
[17:57:12] [Server thread/ERROR]: Not a number
[17:57:13] [Server thread/ERROR]: Not a number
[17:57:13] [Server thread/ERROR]: Not a number
[17:57:13] [Server thread/ERROR]: Not a number
[17:57:14] [Server thread/ERROR]: Not a number
[17:57:14] [Server thread/WARN]: UUID of added entity already exists: BabySpiderEntity['Baby Spider'/19621, l='ServerLevel[world]', x=-52.50, y=75.00, z=103.50]
[17:57:15] [Server thread/ERROR]: Not a number
[17:57:22] [Server thread/ERROR]: Not a number
[17:57:22] [Server thread/ERROR]: Not a number
[17:57:23] [Server thread/ERROR]: Not a number
[17:57:24] [Server thread/WARN]: UUID of added entity already exists: BabySpiderEntity['Baby Spider'/20611, l='ServerLevel[world]', x=-114.50, y=72.00, z=4.50]
[17:57:26] [Server thread/ERROR]: Not a number
[17:57:26] [Server thread/ERROR]: Not a number
[17:57:26] [Server thread/ERROR]: Not a number
[17:57:26] [Server thread/ERROR]: Not a number
[17:57:28] [Server thread/ERROR]: Not a number
[17:57:28] [Server thread/ERROR]: Not a number
[17:57:34] [Server thread/ERROR]: Not a number
[17:57:48] [Server thread/ERROR]: Not a number
[17:57:48] [Server thread/WARN]: Failed to load offers: Not a valid resource location: !minecraft:food Non [a-z0-9_.-] character in namespace of location: !minecraft:food; Not a valid resource location: !minecraft:food Non [a-z0-9_.-] character in namespace of location: !minecraft:food missed input: {"!minecraft:food":{}}
[17:57:48] [Server thread/WARN]: Failed to load offers: Not a valid resource location: !minecraft:food Non [a-z0-9_.-] character in namespace of location: !minecraft:food; Not a valid resource location: !minecraft:food Non [a-z0-9_.-] character in namespace of location: !minecraft:food missed input: {"!minecraft:food":{}}
[17:57:48] [Server thread/WARN]: Failed to load offers: Not a valid resource location: !minecraft:food Non [a-z0-9_.-] character in namespace of location: !minecraft:food; Not a valid resource location: !minecraft:food Non [a-z0-9_.-] character in namespace of location: !minecraft:food missed input: {"!minecraft:food":{}}
[17:57:48] [Server thread/WARN]: Failed to load offers: Not a valid resource location: !minecraft:food Non [a-z0-9_.-] character in namespace of location: !minecraft:food; Not a valid resource location: !minecraft:food Non [a-z0-9_.-] character in namespace of location: !minecraft:food missed input: {"!minecraft:food":{}}
[17:57:48] [Server thread/WARN]: Failed to load offers: Not a valid resource location: !minecraft:food Non [a-z0-9_.-] character in namespace of location: !minecraft:food; Not a valid resource location: !minecraft:food Non [a-z0-9_.-] character in namespace of location: !minecraft:food missed input: {"!minecraft:food":{}}
[17:57:48] [Server thread/WARN]: Failed to load offers: Not a valid resource location: !minecraft:food Non [a-z0-9_.-] character in namespace of location: !minecraft:food; Not a valid resource location: !minecraft:food Non [a-z0-9_.-] character in namespace of location: !minecraft:food missed input: {"!minecraft:food":{}}
[17:57:48] [Server thread/WARN]: Failed to load offers: Not a valid resource location: !minecraft:food Non [a-z0-9_.-] character in namespace of location: !minecraft:food; Not a valid resource location: !minecraft:food Non [a-z0-9_.-] character in namespace of location: !minecraft:food missed input: {"!minecraft:food":{}}
[17:57:48] [Server thread/WARN]: Failed to load offers: Not a valid resource location: !minecraft:food Non [a-z0-9_.-] character in namespace of location: !minecraft:food; Not a valid resource location: !minecraft:food Non [a-z0-9_.-] character in namespace of location: !minecraft:food missed input: {"!minecraft:food":{}}
[17:57:48] [Server thread/WARN]: Failed to load offers: Not a valid resource location: !minecraft:food Non [a-z0-9_.-] character in namespace of location: !minecraft:food; Not a valid resource location: !minecraft:food Non [a-z0-9_.-] character in namespace of location: !minecraft:food missed input: {"!minecraft:food":{}}
[17:57:48] [Server thread/WARN]: Failed to load offers: Not a valid resource location: !minecraft:food Non [a-z0-9_.-] character in namespace of location: !minecraft:food; Not a valid resource location: !minecraft:food Non [a-z0-9_.-] character in namespace of location: !minecraft:food missed input: {"!minecraft:food":{}}
[17:57:48] [Server thread/WARN]: Failed to load offers: Not a valid resource location: !minecraft:food Non [a-z0-9_.-] character in namespace of location: !minecraft:food; Not a valid resource location: !minecraft:food Non [a-z0-9_.-] character in namespace of location: !minecraft:food missed input: {"!minecraft:food":{}}
[17:57:48] [Server thread/WARN]: Failed to load offers: Not a valid resource location: !minecraft:food Non [a-z0-9_.-] character in namespace of location: !minecraft:food; Not a valid resource location: !minecraft:food Non [a-z0-9_.-] character in namespace of location: !minecraft:food missed input: {"!minecraft:food":{}}
[17:57:48] [Server thread/WARN]: Failed to load offers: Not a valid resource location: !minecraft:food Non [a-z0-9_.-] character in namespace of location: !minecraft:food; Not a valid resource location: !minecraft:food Non [a-z0-9_.-] character in namespace of location: !minecraft:food missed input: {"!minecraft:food":{}}
[17:57:52] [Server thread/ERROR]: Not a number
[17:57:53] [Server thread/ERROR]: Not a number
[17:57:53] [Server thread/ERROR]: Not a number
[17:57:53] [Server thread/ERROR]: Not a number
[17:57:54] [Server thread/ERROR]: Not a number
[17:57:54] [Server thread/ERROR]: Not a number
[17:57:54] [Server thread/ERROR]: Not a number
[17:57:54] [Server thread/ERROR]: Not a number
[17:57:54] [Server thread/ERROR]: Not a number
[17:57:58] [Server thread/ERROR]: Not a number
[17:58:03] [Server thread/ERROR]: Not a number
[17:58:03] [Server thread/ERROR]: Not a number
[17:58:03] [Server thread/ERROR]: Not a number
[17:58:03] [Server thread/ERROR]: Not a number
[17:58:16] [c2me-worker-1/WARN]: Empty or non-existent pool: 1_terraria:underground_cabin/furnature
[17:58:17] [Server thread/ERROR]: Not a number
[17:58:17] [Server thread/ERROR]: Not a number
[17:58:17] [Server thread/ERROR]: Not a number
[17:58:18] [c2me-worker-2/WARN]: Empty or non-existent pool: 1_terraria:underground_cabin/furnature
[17:58:18] [Server thread/ERROR]: Not a number
[17:58:18] [Server thread/ERROR]: Not a number
[17:58:20] [Server thread/ERROR]: Not a number
[17:58:20] [Server thread/ERROR]: Not a number
[17:58:20] [Server thread/ERROR]: Not a number
[17:58:21] [c2me-worker-0/WARN]: Empty or non-existent pool: 1_terraria:underground_cabin/furnature
[17:58:22] [Server thread/INFO]: Villager class_1646['Tinkerer'/21448, l='ServerLevel[world]', x=-495.53, y=81.00, z=151.53] died, message: 'Tinkerer was slain by Rotten Mutant'
[17:58:22] [Server thread/INFO]: Named entity class_1646['Tinkerer'/21448, l='ServerLevel[world]', x=-495.53, y=81.00, z=151.53] died: Tinkerer was slain by Rotten Mutant
[17:58:24] [Server thread/ERROR]: Not a number
[17:58:24] [Server thread/ERROR]: Not a number
[17:58:24] [Server thread/ERROR]: Not a number
[17:58:24] [Server thread/ERROR]: Not a number
[17:58:24] [Server thread/ERROR]: Not a number
[17:58:24] [Server thread/ERROR]: Not a number
[17:58:26] [Server thread/ERROR]: Not a number
[17:58:26] [Server thread/ERROR]: Not a number
[17:58:26] [Server thread/ERROR]: Not a number
[17:58:27] [Server thread/ERROR]: Not a number
[17:58:27] [Server thread/ERROR]: Not a number
[17:58:28] [Server thread/ERROR]: Not a number
[17:58:28] [Server thread/ERROR]: Not a number
[17:58:29] [c2me-worker-2/WARN]: Empty or non-existent pool: 1_terraria:underground_cabin/furnature
[17:58:29] [c2me-worker-2/WARN]: Empty or non-existent pool: 1_terraria:underground_cabin/furnature
[17:58:32] [Server thread/ERROR]: Not a number
[17:58:32] [Server thread/ERROR]: Not a number
[17:58:32] [c2me-worker-1/WARN]: Empty or non-existent pool: 1_terraria:underground_cabin/furnature
[17:58:34] [Server thread/ERROR]: Not a number
[17:58:34] [Server thread/ERROR]: Not a number
[17:58:34] [Server thread/ERROR]: Not a number
[17:58:34] [Server thread/ERROR]: Not a number
[17:58:38] [Server thread/ERROR]: Not a number
[17:58:49] [c2me-worker-2/WARN]: Empty or non-existent pool: 1_terraria:underground_cabin/furnature
[17:58:50] [Server thread/ERROR]: Not a number
[17:58:50] [Server thread/ERROR]: Not a number
[17:58:51] [Server thread/ERROR]: Not a number
[17:58:51] [Server thread/ERROR]: Not a number
[17:58:56] [c2me-worker-1/WARN]: Empty or non-existent pool: 1_terraria:underground_cabin/furnature
[17:59:02] [c2me-worker-2/WARN]: Empty or non-existent pool: 1_terraria:underground_cabin/furnature
[17:59:09] [Server thread/ERROR]: Not a number
[17:59:12] [Server thread/ERROR]: Not a number
[17:59:13] [c2me-worker-0/WARN]: Empty or non-existent pool: 1_terraria:underground_cabin/furnature
[17:59:13] [c2me-worker-0/WARN]: Empty or non-existent pool: 1_terraria:underground_cabin/furnature
[17:59:13] [c2me-worker-2/WARN]: Empty or non-existent pool: 1_terraria:underground_cabin/furnature
[17:59:14] [Server thread/ERROR]: Not a number
[17:59:14] [Server thread/ERROR]: Not a number
[17:59:15] [Server thread/ERROR]: Not a number
[17:59:15] [Server thread/ERROR]: Not a number
[17:59:19] [c2me-worker-0/WARN]: Empty or non-existent pool: 1_terraria:underground_cabin/furnature
[17:59:19] [c2me-worker-0/WARN]: Empty or non-existent pool: 1_terraria:underground_cabin/furnature
[17:59:20] [Server thread/ERROR]: Not a number
[17:59:20] [c2me-worker-2/WARN]: Empty or non-existent pool: 1_terraria:underground_cabin/furnature
[17:59:22] [c2me-worker-2/WARN]: Empty or non-existent pool: 1_terraria:underground_cabin/furnature
[17:59:22] [c2me-worker-0/WARN]: Ignoring unknown attribute 'porting_lib:entity_gravity'
[17:59:22] [c2me-worker-0/WARN]: Ignoring unknown attribute 'porting_lib:entity_gravity'
[17:59:22] [c2me-worker-2/WARN]: Empty or non-existent pool: 1_terraria:underground_cabin/furnature
[17:59:26] [Server thread/ERROR]: Not a number
[17:59:26] [Server thread/ERROR]: Not a number
[17:59:26] [Server thread/ERROR]: Not a number
[17:59:26] [Server thread/ERROR]: Not a number
[17:59:26] [Server thread/ERROR]: Not a number
[17:59:28] [c2me-worker-0/WARN]: Empty or non-existent pool: 1_terraria:underground_cabin/furnature
[17:59:28] [Server thread/ERROR]: Not a number
[17:59:28] [Server thread/ERROR]: Not a number
[17:59:30] [Server thread/ERROR]: Not a number
[17:59:30] [c2me-worker-1/WARN]: Empty or non-existent pool: 1_terraria:underground_cabin/furnature
[17:59:31] [c2me-worker-0/WARN]: Empty or non-existent pool: 1_terraria:underground_cabin/furnature
[17:59:31] [c2me-worker-0/WARN]: Empty or non-existent pool: 1_terraria:underground_cabin/furnature
[17:59:31] [Server thread/ERROR]: Not a number
[17:59:31] [Server thread/ERROR]: Not a number
[17:59:31] [Server thread/ERROR]: Not a number
[17:59:32] [c2me-worker-1/WARN]: Empty or non-existent pool: 1_terraria:underground_cabin/furnature
[17:59:32] [c2me-worker-2/WARN]: Empty or non-existent pool: 1_terraria:underground_cabin/furnature
[17:59:32] [c2me-worker-2/WARN]: Empty or non-existent pool: 1_terraria:underground_cabin/furnature
[17:59:33] [c2me-worker-2/WARN]: Empty or non-existent pool: 1_terraria:underground_cabin/furnature
[17:59:36] [Server thread/ERROR]: Not a number
[17:59:36] [c2me-worker-0/WARN]: Empty or non-existent pool: 1_terraria:underground_cabin/furnature
[17:59:36] [c2me-worker-0/WARN]: Empty or non-existent pool: 1_terraria:underground_cabin/furnature
[17:59:38] [Server thread/ERROR]: Not a number
[17:59:38] [c2me-worker-2/WARN]: Empty or non-existent pool: 1_terraria:underground_cabin/furnature
[17:59:38] [c2me-worker-2/WARN]: Empty or non-existent pool: 1_terraria:underground_cabin/furnature
[17:59:42] [Server thread/ERROR]: Not a number
[17:59:47] [c2me-worker-2/WARN]: Empty or non-existent pool: 1_terraria:underground_cabin/furnature
[17:59:48] [Server thread/ERROR]: Not a number
[17:59:48] [Server thread/ERROR]: Not a number
[17:59:55] [Server thread/ERROR]: Not a number
[17:59:55] [Server thread/ERROR]: Not a number
[18:00:12] [Server thread/ERROR]: Not a number
[18:00:12] [Server thread/ERROR]: Not a number
[18:00:13] [Server thread/ERROR]: Not a number
[18:00:13] [Server thread/ERROR]: Not a number
[18:00:13] [Server thread/ERROR]: Not a number
[18:00:16] [c2me-worker-0/WARN]: Empty or non-existent pool: 1_terraria:underground_cabin/furnature
[18:00:19] [Server thread/WARN]: UUID of added entity already exists: BabySpiderEntity['Baby Spider'/28714, l='ServerLevel[world]', x=-1464.50, y=-36.00, z=318.50]
[18:00:44] [Server thread/ERROR]: Not a number
[18:01:29] [Server thread/ERROR]: Not a number
[18:01:29] [Server thread/ERROR]: Not a number
[18:01:30] [Server thread/ERROR]: Not a number
[18:01:42] [Server thread/ERROR]: Not a number
[18:01:42] [Server thread/ERROR]: Not a number
[18:01:42] [Server thread/ERROR]: Not a number
[18:01:42] [Server thread/ERROR]: Not a number
[18:01:44] [Server thread/ERROR]: Not a number
[18:01:45] [Server thread/ERROR]: Not a number
[18:01:45] [Server thread/ERROR]: Not a number
[18:01:45] [Server thread/ERROR]: Not a number
[18:01:45] [Server thread/ERROR]: Not a number
[18:01:45] [Server thread/ERROR]: Not a number
[18:01:45] [Server thread/ERROR]: Not a number
[18:01:45] [Server thread/ERROR]: Not a number
[18:01:46] [Server thread/ERROR]: Not a number
[18:01:46] [Server thread/ERROR]: Not a number
[18:01:46] [Server thread/ERROR]: Not a number
[18:01:46] [Server thread/ERROR]: Not a number
[18:01:46] [Server thread/ERROR]: Not a number
[18:01:47] [Server thread/ERROR]: Not a number
[18:01:47] [Server thread/ERROR]: Not a number
[18:01:47] [Server thread/ERROR]: Not a number
[18:01:47] [Server thread/ERROR]: Not a number
[18:01:47] [Server thread/ERROR]: Not a number
[18:01:48] [Server thread/ERROR]: Not a number
[18:01:49] [Server thread/ERROR]: Not a number
[18:01:49] [Server thread/ERROR]: Not a number
[18:01:56] [Server thread/ERROR]: Not a number
[18:02:21] [Server thread/ERROR]: Not a number
[18:02:21] [Server thread/ERROR]: Not a number
[18:02:33] [Server thread/ERROR]: Not a number
[18:02:33] [Server thread/ERROR]: Not a number
[18:03:10] [Server thread/ERROR]: Not a number
[18:03:22] [Server thread/ERROR]: Not a number
[18:03:22] [Server thread/ERROR]: Not a number
[18:03:23] [Server thread/ERROR]: Not a number
[18:03:53] [Server thread/ERROR]: Not a number
[18:03:53] [Server thread/ERROR]: Not a number
[18:03:53] [Server thread/ERROR]: Not a number
[18:04:08] [Server thread/ERROR]: Not a number
[18:04:08] [Server thread/ERROR]: Not a number
[18:04:08] [Server thread/ERROR]: Not a number
[18:04:26] [Server thread/ERROR]: Not a number
[18:05:05] [Server thread/ERROR]: Not a number
[18:05:05] [Server thread/ERROR]: Not a number
[18:05:05] [Server thread/ERROR]: Not a number
[18:05:41] [Server thread/ERROR]: Not a number
[18:05:41] [Server thread/ERROR]: Not a number
[18:06:05] [Server thread/ERROR]: Not a number
[18:06:05] [Server thread/ERROR]: Not a number
[18:06:05] [Server thread/ERROR]: Not a number
[18:06:05] [Server thread/ERROR]: Not a number
[18:06:05] [Server thread/ERROR]: Not a number
[18:06:13] [Server thread/ERROR]: Not a number
[18:06:17] [Server thread/ERROR]: Not a number
[18:06:17] [Server thread/ERROR]: Not a number
[18:06:22] [Server thread/ERROR]: Not a number
[18:06:22] [Server thread/ERROR]: Not a number
[18:06:40] [Server thread/ERROR]: Not a number
[18:06:40] [Server thread/ERROR]: Not a number
[18:06:40] [Server thread/ERROR]: Not a number
[18:07:03] [Server thread/ERROR]: Not a number
[18:07:03] [Server thread/ERROR]: Not a number
[18:07:04] [Server thread/ERROR]: Not a number
[18:07:04] [Server thread/ERROR]: Not a number
[18:07:30] [Server thread/ERROR]: Not a number
[18:07:30] [Server thread/ERROR]: Not a number
[18:09:55] [Server thread/ERROR]: Not a number
[18:09:55] [Server thread/ERROR]: Not a number
[18:10:40] [Server thread/ERROR]: Not a number
[18:10:40] [Server thread/ERROR]: Not a number
[18:11:07] [Server thread/ERROR]: Not a number
[18:11:07] [Server thread/ERROR]: Not a number
[18:11:25] [Server thread/ERROR]: Not a number
[18:11:46] [Server thread/ERROR]: Not a number
[18:11:46] [Server thread/ERROR]: Not a number
[18:11:46] [Server thread/ERROR]: Not a number
[18:12:01] [Server thread/ERROR]: Not a number
[18:12:01] [Server thread/ERROR]: Not a number
[18:12:25] [Server thread/ERROR]: Not a number
[18:12:47] [Server thread/ERROR]: Not a number
[18:12:47] [Server thread/ERROR]: Not a number
[18:12:47] [Server thread/ERROR]: Not a number
[18:13:04] [Server thread/ERROR]: Not a number
[18:13:04] [Server thread/ERROR]: Not a number
[18:13:27] [Server thread/ERROR]: Not a number
[18:13:27] [Server thread/ERROR]: Not a number
[18:13:37] [Server thread/ERROR]: Not a number
[18:13:37] [Server thread/ERROR]: Not a number
[18:13:37] [Server thread/ERROR]: Not a number
[18:13:37] [Server thread/ERROR]: Not a number
[18:13:37] [Server thread/ERROR]: Not a number
[18:13:37] [Server thread/ERROR]: Not a number
[18:14:17] [Server thread/ERROR]: Not a number
[18:14:18] [Server thread/ERROR]: Not a number
[18:14:59] [Server thread/ERROR]: Not a number
[18:14:59] [Server thread/ERROR]: Not a number
[18:15:08] [Server thread/ERROR]: Not a number
[18:15:08] [Server thread/ERROR]: Not a number
[18:16:39] [Server thread/ERROR]: Not a number
[18:16:40] [Server thread/ERROR]: Not a number
[18:16:46] [Server thread/ERROR]: Not a number
[18:16:46] [Server thread/ERROR]: Not a number
[18:16:46] [Server thread/ERROR]: Not a number
[18:16:46] [Server thread/ERROR]: Not a number
[18:16:46] [Server thread/ERROR]: Not a number
[18:16:47] [Server thread/ERROR]: Not a number
[18:16:47] [Server thread/ERROR]: Not a number
[18:16:51] [Server thread/WARN]: Madericz moved too quickly! -4.017519975746609,0.0,-9.271919967091947
[18:16:51] [Server thread/WARN]: Can't keep up! Is the server overloaded? Running 2589ms or 51 ticks behind
[18:16:52] [Server thread/ERROR]: Not a number
[18:16:52] [Server thread/ERROR]: Not a number
[18:16:52] [Server thread/ERROR]: Not a number
[18:16:52] [Server thread/ERROR]: Not a number
[18:16:52] [Server thread/ERROR]: Not a number
[18:16:52] [Server thread/ERROR]: Not a number
[18:16:52] [Server thread/ERROR]: Not a number
[18:16:54] [c2me-worker-2/WARN]: Empty or non-existent pool: structory:harvest/well_bottoms
[18:16:58] [Server thread/ERROR]: Not a number
[18:17:12] [Server thread/ERROR]: Not a number
[18:17:14] [Server thread/ERROR]: Not a number
[18:17:16] [c2me-worker-2/WARN]: Empty or non-existent pool: minecraft:minecraft_empty
[18:17:16] [c2me-worker-2/WARN]: Empty or non-existent pool: minecraft:minecraft_empty
[18:17:16] [c2me-worker-2/WARN]: Empty or non-existent pool: minecraft:minecraft_empty
[18:17:16] [c2me-worker-2/WARN]: Empty or non-existent pool: minecraft:minecraft_empty
[18:17:30] [Server thread/ERROR]: Not a number
[18:17:35] [Server thread/WARN]: UUID of added entity already exists: BabySpiderEntity['Baby Spider'/49067, l='ServerLevel[world]', x=-1658.50, y=64.00, z=-310.50]
[18:17:39] [Server thread/ERROR]: Not a number
[18:17:41] [Server thread/ERROR]: Not a number
[18:17:41] [Server thread/ERROR]: Not a number
[18:17:41] [Server thread/ERROR]: Not a number
[18:17:43] [Server thread/ERROR]: Not a number
[18:17:45] [Server thread/ERROR]: Not a number
[18:17:46] [Server thread/ERROR]: Not a number
[18:17:49] [Server thread/ERROR]: Not a number
[18:17:49] [Server thread/ERROR]: Not a number
[18:17:50] [Server thread/ERROR]: Not a number
[18:17:52] [Server thread/ERROR]: Not a number
[18:17:53] [Server thread/ERROR]: Not a number
[18:17:53] [Server thread/ERROR]: Not a number
[18:17:54] [Server thread/ERROR]: Not a number
[18:17:54] [Server thread/ERROR]: Not a number
[18:17:54] [Server thread/ERROR]: Not a number
[18:17:55] [Server thread/ERROR]: Not a number
[18:17:55] [Server thread/INFO]: Madericz has made the advancement [Fruits of the Field]
[18:17:56] [Server thread/ERROR]: Not a number
[18:17:56] [c2me-worker-0/WARN]: Empty or non-existent pool: 1_terraria:underground_cabin/furnature
[18:17:56] [Server thread/ERROR]: Not a number
[18:17:58] [c2me-worker-0/WARN]: Empty or non-existent pool: 1_terraria:underground_cabin/furnature
[18:17:59] [Server thread/ERROR]: Not a number
[18:18:06] [Server thread/ERROR]: Not a number
[18:18:06] [Server thread/ERROR]: Not a number
[18:18:07] [Server thread/ERROR]: Not a number
[18:18:07] [Server thread/ERROR]: Not a number
[18:18:07] [Server thread/ERROR]: Not a number
[18:18:07] [Server thread/ERROR]: Not a number
[18:18:09] [Server thread/ERROR]: Not a number
[18:18:15] [Server thread/WARN]: Failed to load offers: Not a valid resource location: !minecraft:food Non [a-z0-9_.-] character in namespace of location: !minecraft:food; Not a valid resource location: !minecraft:food Non [a-z0-9_.-] character in namespace of location: !minecraft:food missed input: {"!minecraft:food":{}}
[18:18:15] [Server thread/WARN]: Failed to load offers: Not a valid resource location: !minecraft:food Non [a-z0-9_.-] character in namespace of location: !minecraft:food; Not a valid resource location: !minecraft:food Non [a-z0-9_.-] character in namespace of location: !minecraft:food missed input: {"!minecraft:food":{}}
[18:18:19] [Server thread/ERROR]: Not a number
[18:18:19] [Server thread/ERROR]: Not a number
[18:18:22] [Server thread/WARN]: Failed to load offers: Not a valid resource location: !minecraft:food Non [a-z0-9_.-] character in namespace of location: !minecraft:food; Not a valid resource location: !minecraft:food Non [a-z0-9_.-] character in namespace of location: !minecraft:food missed input: {"!minecraft:food":{}}
[18:18:22] [Server thread/WARN]: Failed to load offers: Not a valid resource location: !minecraft:food Non [a-z0-9_.-] character in namespace of location: !minecraft:food; Not a valid resource location: !minecraft:food Non [a-z0-9_.-] character in namespace of location: !minecraft:food missed input: {"!minecraft:food":{}}
[18:18:22] [Server thread/ERROR]: Not a number
[18:18:23] [Server thread/ERROR]: Not a number
[18:18:23] [Server thread/ERROR]: Not a number
[18:18:23] [Server thread/ERROR]: Not a number
[18:18:23] [Server thread/ERROR]: Not a number
[18:18:23] [Server thread/ERROR]: Not a number
[18:18:23] [Server thread/ERROR]: Not a number
[18:18:23] [Server thread/ERROR]: Not a number
[18:18:23] [Server thread/ERROR]: Not a number
[18:18:23] [Server thread/ERROR]: Not a number
[18:18:23] [Server thread/ERROR]: Not a number
[18:18:25] [Server thread/ERROR]: Not a number
[18:18:26] [Server thread/ERROR]: Not a number
[18:18:26] [Server thread/ERROR]: Not a number
[18:18:26] [Server thread/ERROR]: Not a number
[18:18:28] [Server thread/ERROR]: Not a number
[18:18:28] [Server thread/ERROR]: Not a number
[18:18:28] [Server thread/ERROR]: Not a number
[18:18:29] [Server thread/ERROR]: Not a number
[18:18:29] [Server thread/WARN]: Failed to load offers: Not a valid resource location: !minecraft:food Non [a-z0-9_.-] character in namespace of location: !minecraft:food; Not a valid resource location: !minecraft:food Non [a-z0-9_.-] character in namespace of location: !minecraft:food missed input: {"!minecraft:food":{}}
[18:18:29] [Server thread/WARN]: Failed to load offers: Not a valid resource location: !minecraft:food Non [a-z0-9_.-] character in namespace of location: !minecraft:food; Not a valid resource location: !minecraft:food Non [a-z0-9_.-] character in namespace of location: !minecraft:food missed input: {"!minecraft:food":{}}
[18:18:29] [Server thread/WARN]: Failed to load offers: Not a valid resource location: !minecraft:food Non [a-z0-9_.-] character in namespace of location: !minecraft:food; Not a valid resource location: !minecraft:food Non [a-z0-9_.-] character in namespace of location: !minecraft:food missed input: {"!minecraft:food":{}}
[18:18:29] [Server thread/WARN]: Failed to load offers: Not a valid resource location: !minecraft:food Non [a-z0-9_.-] character in namespace of location: !minecraft:food; Not a valid resource location: !minecraft:food Non [a-z0-9_.-] character in namespace of location: !minecraft:food missed input: {"!minecraft:food":{}}
[18:18:30] [Server thread/ERROR]: Not a number
[18:18:30] [Server thread/ERROR]: Not a number
[18:18:30] [Server thread/ERROR]: Not a number
[18:18:32] [Server thread/ERROR]: Not a number
[18:18:34] [Server thread/ERROR]: Not a number
[18:18:34] [Server thread/ERROR]: Not a number
[18:18:34] [Server thread/ERROR]: Not a number
[18:18:37] [Server thread/ERROR]: Not a number
[18:18:38] [Server thread/ERROR]: Not a number
[18:18:38] [Server thread/ERROR]: Not a number
[18:18:38] [Server thread/ERROR]: Not a number
[18:18:38] [Server thread/ERROR]: Not a number
[18:18:39] [Server thread/ERROR]: Not a number
[18:18:40] [Server thread/ERROR]: Not a number
[18:18:40] [Server thread/ERROR]: Not a number
[18:18:42] [Server thread/ERROR]: Not a number
[18:18:42] [Server thread/ERROR]: Not a number
[18:18:46] [Server thread/ERROR]: Not a number
[18:18:46] [Server thread/ERROR]: Not a number
[18:18:46] [Server thread/ERROR]: Not a number
[18:18:47] [Server thread/ERROR]: Not a number
[18:18:48] [Server thread/ERROR]: Not a number
[18:18:48] [Server thread/ERROR]: Not a number
[18:18:48] [Server thread/ERROR]: Not a number
[18:18:48] [Server thread/ERROR]: Not a number
[18:18:50] [Server thread/ERROR]: Not a number
[18:18:50] [Server thread/ERROR]: Not a number
[18:18:50] [Server thread/ERROR]: Not a number
[18:18:51] [Server thread/ERROR]: Not a number
[18:18:51] [Server thread/ERROR]: Not a number
[18:18:51] [Server thread/ERROR]: Not a number
[18:18:51] [Server thread/ERROR]: Not a number
[18:18:51] [Server thread/ERROR]: Not a number
[18:18:51] [Server thread/ERROR]: Not a number
[18:18:51] [Server thread/ERROR]: Not a number
[18:18:52] [Server thread/ERROR]: Not a number
[18:18:54] [Server thread/WARN]: Failed to load offers: Not a valid resource location: !minecraft:food Non [a-z0-9_.-] character in namespace of location: !minecraft:food; Not a valid resource location: !minecraft:food Non [a-z0-9_.-] character in namespace of location: !minecraft:food missed input: {"!minecraft:food":{}}
[18:18:54] [Server thread/WARN]: Failed to load offers: Not a valid resource location: !minecraft:food Non [a-z0-9_.-] character in namespace of location: !minecraft:food; Not a valid resource location: !minecraft:food Non [a-z0-9_.-] character in namespace of location: !minecraft:food missed input: {"!minecraft:food":{}}
[18:18:55] [Server thread/ERROR]: Not a number
[18:18:55] [Server thread/ERROR]: Not a number
[18:18:55] [Server thread/ERROR]: Not a number
[18:18:55] [Server thread/WARN]: Failed to load offers: Not a valid resource location: !minecraft:food Non [a-z0-9_.-] character in namespace of location: !minecraft:food; Not a valid resource location: !minecraft:food Non [a-z0-9_.-] character in namespace of location: !minecraft:food missed input: {"!minecraft:food":{}}
[18:18:55] [Server thread/WARN]: Failed to load offers: Not a valid resource location: !minecraft:food Non [a-z0-9_.-] character in namespace of location: !minecraft:food; Not a valid resource location: !minecraft:food Non [a-z0-9_.-] character in namespace of location: !minecraft:food missed input: {"!minecraft:food":{}}
[18:18:55] [Server thread/WARN]: Failed to load offers: Not a valid resource location: !minecraft:food Non [a-z0-9_.-] character in namespace of location: !minecraft:food; Not a valid resource location: !minecraft:food Non [a-z0-9_.-] character in namespace of location: !minecraft:food missed input: {"!minecraft:food":{}}
[18:18:55] [Server thread/WARN]: Failed to load offers: Not a valid resource location: !minecraft:food Non [a-z0-9_.-] character in namespace of location: !minecraft:food; Not a valid resource location: !minecraft:food Non [a-z0-9_.-] character in namespace of location: !minecraft:food missed input: {"!minecraft:food":{}}
[18:18:55] [Server thread/WARN]: Failed to load offers: Not a valid resource location: !minecraft:food Non [a-z0-9_.-] character in namespace of location: !minecraft:food; Not a valid resource location: !minecraft:food Non [a-z0-9_.-] character in namespace of location: !minecraft:food missed input: {"!minecraft:food":{}}
[18:18:55] [Server thread/WARN]: Failed to load offers: Not a valid resource location: !minecraft:food Non [a-z0-9_.-] character in namespace of location: !minecraft:food; Not a valid resource location: !minecraft:food Non [a-z0-9_.-] character in namespace of location: !minecraft:food missed input: {"!minecraft:food":{}}
[18:18:55] [Server thread/WARN]: Failed to load offers: Not a valid resource location: !minecraft:food Non [a-z0-9_.-] character in namespace of location: !minecraft:food; Not a valid resource location: !minecraft:food Non [a-z0-9_.-] character in namespace of location: !minecraft:food missed input: {"!minecraft:food":{}}
[18:18:55] [Server thread/WARN]: Failed to load offers: Not a valid resource location: !minecraft:food Non [a-z0-9_.-] character in namespace of location: !minecraft:food; Not a valid resource location: !minecraft:food Non [a-z0-9_.-] character in namespace of location: !minecraft:food missed input: {"!minecraft:food":{}}
[18:18:55] [Server thread/WARN]: Failed to load offers: Not a valid resource location: !minecraft:food Non [a-z0-9_.-] character in namespace of location: !minecraft:food; Not a valid resource location: !minecraft:food Non [a-z0-9_.-] character in namespace of location: !minecraft:food missed input: {"!minecraft:food":{}}
[18:18:55] [Server thread/WARN]: Failed to load offers: Not a valid resource location: !minecraft:food Non [a-z0-9_.-] character in namespace of location: !minecraft:food; Not a valid resource location: !minecraft:food Non [a-z0-9_.-] character in namespace of location: !minecraft:food missed input: {"!minecraft:food":{}}
[18:18:55] [Server thread/WARN]: Failed to load offers: Not a valid resource location: !minecraft:food Non [a-z0-9_.-] character in namespace of location: !minecraft:food; Not a valid resource location: !minecraft:food Non [a-z0-9_.-] character in namespace of location: !minecraft:food missed input: {"!minecraft:food":{}}
[18:18:55] [Server thread/WARN]: Failed to load offers: Not a valid resource location: !minecraft:food Non [a-z0-9_.-] character in namespace of location: !minecraft:food; Not a valid resource location: !minecraft:food Non [a-z0-9_.-] character in namespace of location: !minecraft:food missed input: {"!minecraft:food":{}}
[18:18:55] [Server thread/WARN]: Failed to load offers: Not a valid resource location: !minecraft:food Non [a-z0-9_.-] character in namespace of location: !minecraft:food; Not a valid resource location: !minecraft:food Non [a-z0-9_.-] character in namespace of location: !minecraft:food missed input: {"!minecraft:food":{}}
[18:18:55] [Server thread/WARN]: Failed to load offers: Not a valid resource location: !minecraft:food Non [a-z0-9_.-] character in namespace of location: !minecraft:food; Not a valid resource location: !minecraft:food Non [a-z0-9_.-] character in namespace of location: !minecraft:food missed input: {"!minecraft:food":{}}
[18:18:55] [Server thread/ERROR]: Not a number
[18:18:55] [Server thread/ERROR]: Not a number
[18:18:56] [Server thread/ERROR]: Not a number
[18:18:57] [Server thread/ERROR]: Not a number
[18:18:57] [Server thread/ERROR]: Not a number
[18:18:57] [Server thread/ERROR]: Not a number
[18:18:58] [Server thread/ERROR]: Not a number
[18:18:58] [Server thread/ERROR]: Not a number
[18:18:59] [Server thread/ERROR]: Not a number
[18:18:59] [Server thread/ERROR]: Not a number
[18:19:00] [Server thread/ERROR]: Not a number
[18:19:00] [Server thread/ERROR]: Not a number
[18:19:00] [Server thread/ERROR]: Not a number
[18:19:00] [Server thread/ERROR]: Not a number
[18:19:01] [Server thread/ERROR]: Not a number
[18:19:01] [Server thread/ERROR]: Not a number
[18:19:02] [Server thread/ERROR]: Not a number
[18:19:02] [Server thread/ERROR]: Not a number
[18:19:02] [Server thread/ERROR]: Not a number
[18:19:03] [Server thread/ERROR]: Not a number
[18:19:04] [Server thread/ERROR]: Not a number
[18:19:04] [Server thread/ERROR]: Not a number
[18:19:04] [Server thread/ERROR]: Not a number
[18:19:04] [Server thread/ERROR]: Not a number
[18:19:04] [Server thread/ERROR]: Not a number
[18:19:04] [Server thread/ERROR]: Not a number
[18:19:04] [Server thread/ERROR]: Not a number
[18:19:10] [Server thread/ERROR]: Not a number
[18:19:12] [Server thread/ERROR]: Not a number
[18:19:12] [Server thread/ERROR]: Not a number
[18:19:12] [Server thread/ERROR]: Not a number
[18:19:12] [Server thread/ERROR]: Not a number
[18:19:13] [Server thread/ERROR]: Not a number
[18:19:15] [Server thread/ERROR]: Not a number
[18:19:15] [Server thread/ERROR]: Not a number
[18:19:15] [Server thread/ERROR]: Not a number
[18:19:16] [Server thread/ERROR]: Not a number
[18:19:17] [Server thread/ERROR]: Not a number
[18:19:17] [Server thread/ERROR]: Not a number
[18:19:18] [Server thread/ERROR]: Not a number
[18:19:21] [Server thread/INFO]: Madericz has made the advancement [Eh-eh-oh, eh-oh]
[18:19:34] [Server thread/ERROR]: Not a number
[18:19:34] [Server thread/ERROR]: Not a number
[18:19:34] [c2me-worker-2/WARN]: Empty height range: [-55 absolute--60 absolute]
[18:19:34] [c2me-worker-2/WARN]: Empty height range: [-55 absolute--60 absolute]
[18:19:34] [c2me-worker-2/WARN]: Empty height range: [-55 absolute--60 absolute]
[18:19:35] [Server thread/ERROR]: Not a number
[18:19:36] [Server thread/ERROR]: Not a number
[18:19:38] [Server thread/ERROR]: Not a number
[18:19:40] [Server thread/WARN]: UUID of added entity already exists: BabySpiderEntity['Baby Spider'/54729, l='ServerLevel[world]', x=-971.50, y=92.00, z=-483.50]
[18:19:41] [Server thread/ERROR]: Not a number
[18:19:45] [Server thread/WARN]: UUID of added entity already exists: BabySpiderEntity['Baby Spider'/55226, l='ServerLevel[world]', x=-1013.50, y=0.00, z=-630.50]
[18:19:48] [Server thread/ERROR]: Not a number
[18:19:48] [Server thread/ERROR]: Not a number
[18:19:49] [Server thread/ERROR]: Not a number
[18:19:49] [Server thread/ERROR]: Not a number
[18:19:52] [Server thread/ERROR]: Not a number
[18:19:52] [Server thread/ERROR]: Not a number
[18:19:59] [Server thread/ERROR]: Not a number
[18:20:11] [Server thread/ERROR]: Not a number
[18:20:12] [c2me-worker-1/WARN]: Ignoring unknown attribute 'porting_lib:entity_gravity'
[18:20:14] [Server thread/ERROR]: Not a number
[18:20:14] [c2me-worker-1/WARN]: Ignoring unknown attribute 'porting_lib:entity_gravity'
[18:20:14] [Server thread/ERROR]: Not a number
[18:20:14] [c2me-worker-1/WARN]: Ignoring unknown attribute 'porting_lib:entity_gravity'
[18:20:14] [Server thread/ERROR]: Not a number
[18:20:14] [Server thread/ERROR]: Not a number
[18:20:14] [Server thread/ERROR]: Not a number
[18:20:15] [Server thread/ERROR]: Not a number
[18:20:15] [Server thread/ERROR]: Not a number
[18:20:16] [Server thread/ERROR]: Not a number
[18:20:16] [Server thread/ERROR]: Not a number
[18:20:16] [Server thread/ERROR]: Not a number
[18:20:16] [Server thread/ERROR]: Not a number
[18:20:16] [Server thread/ERROR]: Not a number
[18:20:16] [Server thread/ERROR]: Not a number
[18:20:16] [Server thread/ERROR]: Not a number
[18:20:16] [Server thread/ERROR]: Not a number
[18:20:18] [c2me-worker-2/WARN]: Ignoring unknown attribute 'porting_lib:entity_gravity'
[18:20:19] [Server thread/ERROR]: Not a number
[18:20:21] [Server thread/ERROR]: Not a number
[18:20:21] [Server thread/ERROR]: Not a number
[18:20:23] [c2me-worker-1/WARN]: Ignoring unknown attribute 'porting_lib:entity_gravity'
[18:20:23] [c2me-worker-1/WARN]: Ignoring unknown attribute 'porting_lib:entity_gravity'
[18:20:23] [Server thread/ERROR]: Not a number
[18:20:23] [Server thread/ERROR]: Not a number
[18:20:23] [c2me-worker-1/WARN]: Ignoring unknown attribute 'porting_lib:entity_gravity'
[18:20:23] [Server thread/ERROR]: Not a number
[18:20:23] [c2me-worker-1/WARN]: Ignoring unknown attribute 'porting_lib:entity_gravity'
[18:20:24] [Server thread/ERROR]: Not a number
[18:20:24] [Server thread/ERROR]: Not a number
[18:20:24] [c2me-worker-1/WARN]: Ignoring unknown attribute 'porting_lib:entity_gravity'
[18:20:24] [c2me-worker-1/WARN]: Ignoring unknown attribute 'porting_lib:entity_gravity'
[18:20:24] [c2me-worker-1/WARN]: Ignoring unknown attribute 'porting_lib:entity_gravity'
[18:20:24] [c2me-worker-1/WARN]: Ignoring unknown attribute 'porting_lib:entity_gravity'
[18:20:26] [c2me-worker-0/WARN]: Ignoring unknown attribute 'porting_lib:entity_gravity'
[18:20:26] [c2me-worker-0/WARN]: Ignoring unknown attribute 'porting_lib:entity_gravity'
[18:20:26] [c2me-worker-2/WARN]: Ignoring unknown attribute 'porting_lib:entity_gravity'
[18:20:26] [Server thread/WARN]: Failed to load offers: Not a valid resource location: !minecraft:food Non [a-z0-9_.-] character in namespace of location: !minecraft:food; Not a valid resource location: !minecraft:food Non [a-z0-9_.-] character in namespace of location: !minecraft:food missed input: {"!minecraft:food":{}}
[18:20:26] [Server thread/WARN]: Failed to load offers: Not a valid resource location: !minecraft:food Non [a-z0-9_.-] character in namespace of location: !minecraft:food; Not a valid resource location: !minecraft:food Non [a-z0-9_.-] character in namespace of location: !minecraft:food missed input: {"!minecraft:food":{}}
[18:20:27] [c2me-worker-2/WARN]: Ignoring unknown attribute 'porting_lib:entity_gravity'
[18:20:29] [Server thread/ERROR]: Not a number
[18:20:30] [Server thread/ERROR]: Not a number
[18:20:36] [Server thread/ERROR]: Not a number
[18:20:36] [Server thread/ERROR]: Not a number
[18:20:38] [Server thread/ERROR]: Not a number
[18:20:38] [Server thread/ERROR]: Not a number
[18:20:38] [Server thread/ERROR]: Not a number
[18:20:43] [Server thread/ERROR]: Not a number
[18:20:56] [Server thread/WARN]: UUID of added entity already exists: BabySpiderEntity['Baby Spider'/64087, l='ServerLevel[world]', x=-1145.50, y=45.00, z=-1165.50]
[18:21:09] [Server thread/ERROR]: Not a number
[18:21:09] [Server thread/ERROR]: Not a number
[18:21:24] [Server thread/ERROR]: Not a number
[18:21:28] [Server thread/ERROR]: Not a number
[18:21:30] [Server thread/ERROR]: Not a number
[18:21:31] [Server thread/ERROR]: Not a number
[18:21:34] [Server thread/ERROR]: Not a number
[18:21:34] [Server thread/ERROR]: Not a number
[18:21:35] [Server thread/ERROR]: Not a number
[18:21:35] [Server thread/ERROR]: Not a number
[18:21:43] [Server thread/ERROR]: Not a number
[18:21:43] [Server thread/ERROR]: Not a number
[18:21:44] [Server thread/ERROR]: Not a number
[18:21:45] [Server thread/ERROR]: Not a number
[18:21:45] [Server thread/ERROR]: Not a number
[18:21:45] [Server thread/ERROR]: Not a number
[18:21:46] [Server thread/ERROR]: Not a number
[18:21:46] [Server thread/ERROR]: Not a number
[18:21:46] [Server thread/ERROR]: Not a number
[18:21:47] [Server thread/ERROR]: Not a number
[18:21:47] [Server thread/ERROR]: Not a number
[18:21:56] [Server thread/INFO]: Named entity class_1621['Demon Eye'/61924, l='ServerLevel[world]', x=-1244.50, y=73.92, z=-1192.50] died: Demon Eye suffocated in a wall
[18:21:59] [Server thread/ERROR]: Not a number
[18:21:59] [Server thread/ERROR]: Not a number
[18:22:09] [Server thread/ERROR]: Not a number
[18:22:09] [Server thread/ERROR]: Not a number
[18:22:13] [Server thread/ERROR]: Not a number
[18:22:13] [Server thread/ERROR]: Not a number
[18:22:14] [Server thread/ERROR]: Not a number
[18:22:14] [Server thread/ERROR]: Not a number
[18:22:14] [Server thread/ERROR]: Not a number
[18:22:14] [Server thread/ERROR]: Not a number
[18:22:14] [Server thread/ERROR]: Not a number
[18:22:30] [Server thread/ERROR]: Not a number
[18:22:33] [Server thread/ERROR]: Not a number
[18:22:33] [Server thread/ERROR]: Not a number
[18:22:33] [Server thread/ERROR]: Not a number
[18:22:33] [Server thread/ERROR]: Not a number
[18:22:36] [Server thread/INFO]: Villager class_1646['Villager'/59742, l='ServerLevel[world]', x=-1136.21, y=72.00, z=-1092.27] died, message: 'Villager hit the ground too hard'
[18:22:53] [Server thread/ERROR]: Not a number
[18:22:59] [Server thread/ERROR]: Not a number
[18:23:01] [Server thread/ERROR]: Not a number
[18:23:09] [Server thread/ERROR]: Not a number
[18:23:11] [Server thread/ERROR]: Not a number
[18:23:11] [Server thread/ERROR]: Not a number
[18:23:11] [Server thread/ERROR]: Not a number
[18:23:18] [Server thread/ERROR]: Not a number
[18:23:20] [Server thread/ERROR]: Not a number
[18:23:24] [Server thread/ERROR]: Not a number
[18:23:26] [Server thread/ERROR]: Not a number
[18:23:26] [Server thread/ERROR]: Not a number
[18:24:40] [Server thread/WARN]: Failed to load offers: Not a valid resource location: !minecraft:food Non [a-z0-9_.-] character in namespace of location: !minecraft:food; Not a valid resource location: !minecraft:food Non [a-z0-9_.-] character in namespace of location: !minecraft:food missed input: {"!minecraft:food":{}}
[18:24:40] [Server thread/WARN]: Failed to load offers: Not a valid resource location: !minecraft:food Non [a-z0-9_.-] character in namespace of location: !minecraft:food; Not a valid resource location: !minecraft:food Non [a-z0-9_.-] character in namespace of location: !minecraft:food missed input: {"!minecraft:food":{}}
[18:24:55] [Server thread/ERROR]: Not a number
[18:24:55] [Server thread/ERROR]: Not a number
[18:25:00] [Server thread/ERROR]: Not a number
[18:25:01] [Server thread/ERROR]: Not a number
[18:25:03] [Server thread/ERROR]: Not a number
[18:25:29] [Server thread/ERROR]: Not a number
[18:25:38] [Server thread/INFO]: Madericz has made the advancement [Suit Up]
[18:25:43] [Server thread/ERROR]: Not a number
[18:25:43] [Server thread/ERROR]: Not a number
[18:25:43] [Server thread/ERROR]: Not a number
[18:25:52] [Server thread/ERROR]: Not a number
[18:25:52] [Server thread/ERROR]: Not a number
[18:25:52] [Server thread/ERROR]: Not a number
[18:25:52] [Server thread/ERROR]: Not a number
[18:25:52] [Server thread/ERROR]: Not a number
[18:25:53] [Server thread/ERROR]: Not a number
[18:25:58] [Server thread/ERROR]: Not a number
[18:26:06] [Server thread/ERROR]: Not a number
[18:26:16] [Server thread/ERROR]: Not a number
[18:26:16] [Server thread/ERROR]: Not a number
[18:26:33] [Server thread/ERROR]: Not a number
[18:26:34] [Server thread/ERROR]: Not a number
[18:26:37] [Server thread/ERROR]: Not a number
[18:26:47] [Server thread/ERROR]: Not a number
[18:26:56] [Server thread/ERROR]: Failed to replant minecraft:carrot
[18:26:56] [Server thread/ERROR]: Failed to replant minecraft:wheat_seeds
[18:27:08] [Server thread/ERROR]: Not a number
[18:27:08] [Server thread/ERROR]: Not a number
[18:27:33] [Server thread/ERROR]: Not a number
[18:29:05] [Server thread/ERROR]: Not a number
[18:29:10] [Server thread/INFO]: Madericz lost connection: Disconnected
[18:29:10] [Server thread/INFO]: Madericz left the game
[18:29:19] [Server thread/INFO]: Stopping the server
[18:29:19] [Server thread/INFO]: Wind state saved before server stop
[18:29:19] [Server thread/INFO]: Stopping server
[18:29:19] [Server thread/INFO]: Saving players
[18:29:19] [Server thread/INFO]: Saving worlds
[18:29:19] [Server thread/INFO]: ServerLevel[world]/minecraft:overworld: waiting for 1003 chunks to unload
[18:29:19] [Server thread/INFO]: Saving chunks for level 'ServerLevel[world]'/minecraft:overworld
[18:29:19] [Server thread/INFO]: Saving chunks for level 'ServerLevel[world]'/minecraft:the_nether
[18:29:19] [Server thread/INFO]: Saving chunks for level 'ServerLevel[world]'/minecraft:the_end
[18:29:19] [Server thread/INFO]: ThreadedAnvilChunkStorage (world): All chunks are saved
[18:29:19] [Server thread/INFO]: ThreadedAnvilChunkStorage (DIM-1): All chunks are saved
[18:29:19] [Server thread/INFO]: ThreadedAnvilChunkStorage (DIM1): All chunks are saved
[18:29:19] [Server thread/INFO]: ThreadedAnvilChunkStorage: All dimensions are saved
[18:29:19] [Server thread/INFO]: Wind state saved for overworld
[18:29:19] [C2ME Storage #3/INFO]: Storage thread Thread[#68,C2ME Storage #3,5,main] stopped
[18:29:19] [C2ME Storage #2/INFO]: Storage thread Thread[#67,C2ME Storage #2,5,main] stopped
[18:29:19] [C2ME Storage #1/INFO]: Storage thread Thread[#66,C2ME Storage #1,5,main] stopped
[18:29:19] [C2ME Storage #6/INFO]: Storage thread Thread[#74,C2ME Storage #6,5,main] stopped
[18:29:19] [C2ME Storage #5/INFO]: Storage thread Thread[#73,C2ME Storage #5,5,main] stopped
[18:29:19] [C2ME Storage #4/INFO]: Storage thread Thread[#72,C2ME Storage #4,5,main] stopped
[18:29:19] [C2ME Storage #9/INFO]: Storage thread Thread[#77,C2ME Storage #9,5,main] stopped
[18:29:19] [C2ME Storage #8/INFO]: Storage thread Thread[#76,C2ME Storage #8,5,main] stopped
[18:29:19] [C2ME Storage #7/INFO]: Storage thread Thread[#75,C2ME Storage #7,5,main] stopped
[18:29:19] [Server thread/INFO]: Unloading server configs...
[18:29:19] [Server thread/INFO]: Sending config unload event for refurbished_furniture.server.toml
[18:29:19] [Server thread/INFO]: Finished unloading server configs
